barcode,code,YearWeek
TestProcessEligibleChannel2_2,MPEG,TestProcessEligibleChannel2_2
TestProcessEligibleChannel2_2,YFVN,TestProcessEligibleChannel2_2
TestProcessEligibleChannel2_2,K8W7,TestProcessEligibleChannel2_2
TestProcessEligibleChannel2_2,LLMP,TestProcessEligibleChannel2_2
TestProcessEligibleChannel2_2,H7BP,TestProcessEligibleChannel2_2
TestProcessEligibleChannel2_2,Y87J,TestProcessEligibleChannel2_2
TestProcessEligibleChannel2_2,XVDQ,TestProcessEligibleChannel2_2
TestProcessEligibleChannel2_2,TV2L,TestProcessEligibleChannel2_2
TestProcessEligibleChannel2_2,ED7B,TestProcessEligibleChannel2_2
TestProcessEligibleChannel2_2,7QPQ,TestProcessEligibleChannel2_2
TestProcessEligibleChannel2_2,2RQN,TestProcessEligibleChannel2_2
TestProcessEligibleChannel2_2,9X3K,TestProcessEligibleChannel2_2
TestProcessEligibleChannel2_2,DRHE,TestProcessEligibleChannel2_2
TestProcessEligibleChannel2_2,ZJLD,TestProcessEligibleChannel2_2
TestProcessEligibleChannel2_2,MTLX,TestProcessEligibleChannel2_2
TestProcessEligibleChannel2_2,CWJT,TestProcessEligibleChannel2_2
TestProcessEligibleChannel2_2,Y9NB,TestProcessEligibleChannel2_2
TestProcessEligibleChannel2_2,23FL,TestProcessEligibleChannel2_2
TestProcessEligibleChannel2_2,W4RF,TestProcessEligibleChannel2_2
TestProcessEligibleChannel2_2,CGNL,TestProcessEligibleChannel2_2
TestProcessEligibleChannel2_2,6Q28,TestProcessEligibleChannel2_2
TestProcessEligibleChannel2_2,W4JN,TestProcessEligibleChannel2_2
TestProcessEligibleChannel2_2,YZVF,TestProcessEligibleChannel2_2
TestProcessEligibleChannel2_2,E6VK,TestProcessEligibleChannel2_2
TestProcessEligibleChannel2_2,P6TW,TestProcessEligibleChannel2_2
TestProcessEligibleChannel2_2,GNCK,TestProcessEligibleChannel2_2
TestProcessEligibleChannel2_2,AJZA,TestProcessEligibleChannel2_2
TestProcessEligibleChannel2_2,QFKQ,TestProcessEligibleChannel2_2
TestProcessEligibleChannel2_2,6M3W,TestProcessEligibleChannel2_2
TestProcessEligibleChannel2_2,PRKT,TestProcessEligibleChannel2_2
TestProcessEligibleChannel2_2,QV6J,TestProcessEligibleChannel2_2
TestProcessEligibleChannel2_2,QJ99,TestProcessEligibleChannel2_2
TestProcessEligibleChannel2_2,QPRN,TestProcessEligibleChannel2_2
TestProcessEligibleChannel2_2,6X2V,TestProcessEligibleChannel2_2
TestProcessEligibleChannel2_2,ADF7,TestProcessEligibleChannel2_2
TestProcessEligibleChannel2_2,8LQT,TestProcessEligibleChannel2_2
TestProcessEligibleChannel2_2,K3BF,TestProcessEligibleChannel2_2
TestProcessEligibleChannel2_2,6WX2,TestProcessEligibleChannel2_2
TestProcessEligibleChannel2_2,22GT,TestProcessEligibleChannel2_2
TestProcessEligibleChannel2_2,8J9H,TestProcessEligibleChannel2_2
TestProcessEligibleChannel2_2,X6AY,TestProcessEligibleChannel2_2
TestProcessEligibleChannel2_2,QW8G,TestProcessEligibleChannel2_2
TestProcessEligibleChannel2_2,P7AF,TestProcessEligibleChannel2_2
TestProcessEligibleChannel2_2,HQPB,TestProcessEligibleChannel2_2
TestProcessEligibleChannel2_2,YXNP,TestProcessEligibleChannel2_2
TestProcessEligibleChannel2_2,J3EY,TestProcessEligibleChannel2_2
TestProcessEligibleChannel2_2,CGJ9,TestProcessEligibleChannel2_2
TestProcessEligibleChannel2_2,3NA7,TestProcessEligibleChannel2_2
TestProcessEligibleChannel2_2,L9EB,TestProcessEligibleChannel2_2
TestProcessEligibleChannel2_2,VY2A,TestProcessEligibleChannel2_2
TestProcessEligibleChannel2_2,BNQN,TestProcessEligibleChannel2_2
TestProcessEligibleChannel2_2,Y7ET,TestProcessEligibleChannel2_2
TestProcessEligibleChannel2_2,7WWP,TestProcessEligibleChannel2_2
TestProcessEligibleChannel2_2,D2TX,TestProcessEligibleChannel2_2
TestProcessEligibleChannel2_2,N6EN,TestProcessEligibleChannel2_2
TestProcessEligibleChannel2_2,YYZE,TestProcessEligibleChannel2_2
TestProcessEligibleChannel2_2,NCA8,TestProcessEligibleChannel2_2
TestProcessEligibleChannel2_2,HTNW,TestProcessEligibleChannel2_2
TestProcessEligibleChannel2_2,DVCG,TestProcessEligibleChannel2_2
TestProcessEligibleChannel2_2,9MXX,TestProcessEligibleChannel2_2
TestProcessEligibleChannel2_2,VGLY,TestProcessEligibleChannel2_2
TestProcessEligibleChannel2_2,8LVJ,TestProcessEligibleChannel2_2
TestProcessEligibleChannel2_2,FMT4,TestProcessEligibleChannel2_2
TestProcessEligibleChannel2_2,P7TM,TestProcessEligibleChannel2_2
TestProcessEligibleChannel2_2,7YPE,TestProcessEligibleChannel2_2
TestProcessEligibleChannel2_2,2ZK2,TestProcessEligibleChannel2_2
TestProcessEligibleChannel2_2,8XFV,TestProcessEligibleChannel2_2
TestProcessEligibleChannel2_2,AQ4G,TestProcessEligibleChannel2_2
TestProcessEligibleChannel2_2,DL8L,TestProcessEligibleChannel2_2
TestProcessEligibleChannel2_2,7GD4,TestProcessEligibleChannel2_2
TestProcessEligibleChannel2_2,9JCR,TestProcessEligibleChannel2_2
TestProcessEligibleChannel2_2,BKTY,TestProcessEligibleChannel2_2
TestProcessEligibleChannel2_2,MF8T,TestProcessEligibleChannel2_2
TestProcessEligibleChannel2_2,4REX,TestProcessEligibleChannel2_2
TestProcessEligibleChannel2_2,46HX,TestProcessEligibleChannel2_2
TestProcessEligibleChannel2_2,H367,TestProcessEligibleChannel2_2
TestProcessEligibleChannel2_2,KKNT,TestProcessEligibleChannel2_2
TestProcessEligibleChannel2_2,M9P2,TestProcessEligibleChannel2_2
TestProcessEligibleChannel2_2,CHYX,TestProcessEligibleChannel2_2
TestProcessEligibleChannel2_2,NH9G,TestProcessEligibleChannel2_2
TestProcessEligibleChannel2_2,WNAW,TestProcessEligibleChannel2_2
TestProcessEligibleChannel2_2,PL8P,TestProcessEligibleChannel2_2
TestProcessEligibleChannel2_2,HBRN,TestProcessEligibleChannel2_2
TestProcessEligibleChannel2_2,XV8H,TestProcessEligibleChannel2_2
TestProcessEligibleChannel2_2,79TJ,TestProcessEligibleChannel2_2
TestProcessEligibleChannel2_2,ZDQT,TestProcessEligibleChannel2_2
TestProcessEligibleChannel2_2,EL6P,TestProcessEligibleChannel2_2
TestProcessEligibleChannel2_2,YRJE,TestProcessEligibleChannel2_2
TestProcessEligibleChannel2_2,R38H,TestProcessEligibleChannel2_2
TestProcessEligibleChannel2_2,GGTB,TestProcessEligibleChannel2_2
TestProcessEligibleChannel2_2,YFNN,TestProcessEligibleChannel2_2
TestProcessEligibleChannel2_2,MLHD,TestProcessEligibleChannel2_2
TestProcessEligibleChannel2_2,QYXP,TestProcessEligibleChannel2_2
TestProcessEligibleChannel2_2,98GD,TestProcessEligibleChannel2_2
TestProcessEligibleChannel2_2,AJHE,TestProcessEligibleChannel2_2
TestProcessEligibleChannel2_2,8FNC,TestProcessEligibleChannel2_2
TestProcessEligibleChannel2_2,JWB6,TestProcessEligibleChannel2_2
TestProcessEligibleChannel2_2,866H,TestProcessEligibleChannel2_2
TestProcessEligibleChannel2_2,QNZG,TestProcessEligibleChannel2_2
TestProcessEligibleChannel2_2,XHFF,TestProcessEligibleChannel2_2
TestProcessEligibleChannel2_2,DR7M,TestProcessEligibleChannel2_2
TestProcessEligibleChannel2_2,3HAA,TestProcessEligibleChannel2_2
TestProcessEligibleChannel2_2,FABV,TestProcessEligibleChannel2_2
TestProcessEligibleChannel2_2,3XJW,TestProcessEligibleChannel2_2
TestProcessEligibleChannel2_2,J6QK,TestProcessEligibleChannel2_2
TestProcessEligibleChannel2_2,DTJZ,TestProcessEligibleChannel2_2
TestProcessEligibleChannel2_2,8JKK,TestProcessEligibleChannel2_2
TestProcessEligibleChannel2_2,PPCG,TestProcessEligibleChannel2_2
TestProcessEligibleChannel2_2,NXJ3,TestProcessEligibleChannel2_2
TestProcessEligibleChannel2_2,8XZF,TestProcessEligibleChannel2_2
TestProcessEligibleChannel2_2,R4NH,TestProcessEligibleChannel2_2
TestProcessEligibleChannel2_2,9PCA,TestProcessEligibleChannel2_2
TestProcessEligibleChannel2_2,296X,TestProcessEligibleChannel2_2
TestProcessEligibleChannel2_2,W6Y2,TestProcessEligibleChannel2_2
TestProcessEligibleChannel2_2,Z84Z,TestProcessEligibleChannel2_2
TestProcessEligibleChannel2_2,RG8J,TestProcessEligibleChannel2_2
TestProcessEligibleChannel2_2,NCEV,TestProcessEligibleChannel2_2
TestProcessEligibleChannel2_2,Y3V8,TestProcessEligibleChannel2_2
TestProcessEligibleChannel2_2,KTKJ,TestProcessEligibleChannel2_2
TestProcessEligibleChannel2_2,GJVV,TestProcessEligibleChannel2_2
TestProcessEligibleChannel2_2,QMKA,TestProcessEligibleChannel2_2
TestProcessEligibleChannel2_2,EQ9X,TestProcessEligibleChannel2_2
TestProcessEligibleChannel2_2,J6JR,TestProcessEligibleChannel2_2
TestProcessEligibleChannel2_2,366J,TestProcessEligibleChannel2_2
TestProcessEligibleChannel2_2,ABBJ,TestProcessEligibleChannel2_2
TestProcessEligibleChannel2_2,NXNK,TestProcessEligibleChannel2_2
TestProcessEligibleChannel2_2,L4WC,TestProcessEligibleChannel2_2
TestProcessEligibleChannel2_2,RPR3,TestProcessEligibleChannel2_2
TestProcessEligibleChannel2_2,E7PH,TestProcessEligibleChannel2_2
TestProcessEligibleChannel2_2,DCK6,TestProcessEligibleChannel2_2
TestProcessEligibleChannel2_2,EKL4,TestProcessEligibleChannel2_2
TestProcessEligibleChannel2_2,KRV9,TestProcessEligibleChannel2_2
TestProcessEligibleChannel2_2,VXL9,TestProcessEligibleChannel2_2
TestProcessEligibleChannel2_2,W8MA,TestProcessEligibleChannel2_2
TestProcessEligibleChannel2_2,YF7L,TestProcessEligibleChannel2_2
TestProcessEligibleChannel2_2,RYBX,TestProcessEligibleChannel2_2
TestProcessEligibleChannel2_2,VABG,TestProcessEligibleChannel2_2
TestProcessEligibleChannel2_2,WRA9,TestProcessEligibleChannel2_2
TestProcessEligibleChannel2_2,FCXR,TestProcessEligibleChannel2_2
TestProcessEligibleChannel2_2,QV8H,TestProcessEligibleChannel2_2
TestProcessEligibleChannel2_2,XX7D,TestProcessEligibleChannel2_2
TestProcessEligibleChannel2_2,RYZQ,TestProcessEligibleChannel2_2
TestProcessEligibleChannel2_2,YK7J,TestProcessEligibleChannel2_2
TestProcessEligibleChannel2_2,NLXL,TestProcessEligibleChannel2_2
TestProcessEligibleChannel2_2,VD9B,TestProcessEligibleChannel2_2
TestProcessEligibleChannel2_2,KPTV,TestProcessEligibleChannel2_2
TestProcessEligibleChannel2_2,ZZE8,TestProcessEligibleChannel2_2
TestProcessEligibleChannel2_2,8TM3,TestProcessEligibleChannel2_2
TestProcessEligibleChannel2_2,T8MQ,TestProcessEligibleChannel2_2
TestProcessEligibleChannel2_2,RHB4,TestProcessEligibleChannel2_2
TestProcessEligibleChannel2_2,3CM3,TestProcessEligibleChannel2_2
TestProcessEligibleChannel2_2,4WLB,TestProcessEligibleChannel2_2
TestProcessEligibleChannel2_2,R8VZ,TestProcessEligibleChannel2_2
TestProcessEligibleChannel2_2,J2E9,TestProcessEligibleChannel2_2
TestProcessEligibleChannel2_2,YCDR,TestProcessEligibleChannel2_2
TestProcessEligibleChannel2_2,ADRA,TestProcessEligibleChannel2_2
TestProcessEligibleChannel2_2,L98H,TestProcessEligibleChannel2_2
TestProcessEligibleChannel2_2,PTJE,TestProcessEligibleChannel2_2
TestProcessEligibleChannel2_2,M7FV,TestProcessEligibleChannel2_2
TestProcessEligibleChannel2_2,M96H,TestProcessEligibleChannel2_2
TestProcessEligibleChannel2_2,TLPK,TestProcessEligibleChannel2_2
TestProcessEligibleChannel2_2,PNEW,TestProcessEligibleChannel2_2
TestProcessEligibleChannel2_2,L4ZQ,TestProcessEligibleChannel2_2
TestProcessEligibleChannel2_2,6HZT,TestProcessEligibleChannel2_2
TestProcessEligibleChannel2_2,KTGE,TestProcessEligibleChannel2_2
TestProcessEligibleChannel2_2,DF6W,TestProcessEligibleChannel2_2
TestProcessEligibleChannel2_2,L7Z8,TestProcessEligibleChannel2_2
TestProcessEligibleChannel2_2,PC9P,TestProcessEligibleChannel2_2
TestProcessEligibleChannel2_2,RYXF,TestProcessEligibleChannel2_2
TestProcessEligibleChannel2_2,HDDX,TestProcessEligibleChannel2_2
TestProcessEligibleChannel2_2,C9QT,TestProcessEligibleChannel2_2
TestProcessEligibleChannel2_2,ZZ2P,TestProcessEligibleChannel2_2
TestProcessEligibleChannel2_2,R7B4,TestProcessEligibleChannel2_2
TestProcessEligibleChannel2_2,RW28,TestProcessEligibleChannel2_2
TestProcessEligibleChannel2_2,KGRY,TestProcessEligibleChannel2_2
TestProcessEligibleChannel2_2,6CBN,TestProcessEligibleChannel2_2
TestProcessEligibleChannel2_2,TH8Q,TestProcessEligibleChannel2_2
TestProcessEligibleChannel2_2,LDRL,TestProcessEligibleChannel2_2
TestProcessEligibleChannel2_2,GNH8,TestProcessEligibleChannel2_2
TestProcessEligibleChannel2_2,GWFM,TestProcessEligibleChannel2_2
TestProcessEligibleChannel2_2,DJDW,TestProcessEligibleChannel2_2
TestProcessEligibleChannel2_2,N4ME,TestProcessEligibleChannel2_2
TestProcessEligibleChannel2_2,6J99,TestProcessEligibleChannel2_2
TestProcessEligibleChannel2_2,EHH6,TestProcessEligibleChannel2_2
TestProcessEligibleChannel2_2,KKG9,TestProcessEligibleChannel2_2
TestProcessEligibleChannel2_2,FRMY,TestProcessEligibleChannel2_2
TestProcessEligibleChannel2_2,6MHA,TestProcessEligibleChannel2_2
TestProcessEligibleChannel2_2,9YH2,TestProcessEligibleChannel2_2
TestProcessEligibleChannel2_2,N3DY,TestProcessEligibleChannel2_2
TestProcessEligibleChannel2_2,3TLT,TestProcessEligibleChannel2_2
TestProcessEligibleChannel2_2,FJTB,TestProcessEligibleChannel2_2
TestProcessEligibleChannel2_2,LEB7,TestProcessEligibleChannel2_2
TestProcessEligibleChannel2_2,N8GM,TestProcessEligibleChannel2_2
TestProcessEligibleChannel2_2,C3KN,TestProcessEligibleChannel2_2
TestProcessEligibleChannel2_2,86AH,TestProcessEligibleChannel2_2
TestProcessEligibleChannel2_2,TRFK,TestProcessEligibleChannel2_2
TestProcessEligibleChannel2_2,Z27B,TestProcessEligibleChannel2_2
TestProcessEligibleChannel2_2,NARD,TestProcessEligibleChannel2_2
TestProcessEligibleChannel2_2,K2W8,TestProcessEligibleChannel2_2
TestProcessEligibleChannel2_2,YCCR,TestProcessEligibleChannel2_2
TestProcessEligibleChannel2_2,39WE,TestProcessEligibleChannel2_2
TestProcessEligibleChannel2_2,MG9L,TestProcessEligibleChannel2_2
TestProcessEligibleChannel2_2,WNYA,TestProcessEligibleChannel2_2
TestProcessEligibleChannel2_2,JAV2,TestProcessEligibleChannel2_2
TestProcessEligibleChannel2_2,3C42,TestProcessEligibleChannel2_2
TestProcessEligibleChannel2_2,8YC3,TestProcessEligibleChannel2_2
TestProcessEligibleChannel2_2,B8XF,TestProcessEligibleChannel2_2
TestProcessEligibleChannel2_2,AZ6D,TestProcessEligibleChannel2_2
TestProcessEligibleChannel2_2,PKEV,TestProcessEligibleChannel2_2
TestProcessEligibleChannel2_2,PD4R,TestProcessEligibleChannel2_2
TestProcessEligibleChannel2_2,TCPV,TestProcessEligibleChannel2_2
TestProcessEligibleChannel2_2,4DEN,TestProcessEligibleChannel2_2
TestProcessEligibleChannel2_2,QY7T,TestProcessEligibleChannel2_2
TestProcessEligibleChannel2_2,A6BQ,TestProcessEligibleChannel2_2
TestProcessEligibleChannel2_2,YB9Q,TestProcessEligibleChannel2_2
TestProcessEligibleChannel2_2,GQYH,TestProcessEligibleChannel2_2
TestProcessEligibleChannel2_2,79LM,TestProcessEligibleChannel2_2
TestProcessEligibleChannel2_2,3TAA,TestProcessEligibleChannel2_2
TestProcessEligibleChannel2_2,699G,TestProcessEligibleChannel2_2
TestProcessEligibleChannel2_2,TKXJ,TestProcessEligibleChannel2_2
TestProcessEligibleChannel2_2,7GEP,TestProcessEligibleChannel2_2
TestProcessEligibleChannel2_2,8MHE,TestProcessEligibleChannel2_2
TestProcessEligibleChannel2_2,DG8H,TestProcessEligibleChannel2_2
TestProcessEligibleChannel2_2,9DHL,TestProcessEligibleChannel2_2
TestProcessEligibleChannel2_2,ZV49,TestProcessEligibleChannel2_2
TestProcessEligibleChannel2_2,JGVY,TestProcessEligibleChannel2_2
TestProcessEligibleChannel2_2,P96T,TestProcessEligibleChannel2_2
TestProcessEligibleChannel2_2,EWNG,TestProcessEligibleChannel2_2
TestProcessEligibleChannel2_2,EYZA,TestProcessEligibleChannel2_2
TestProcessEligibleChannel2_2,4LG9,TestProcessEligibleChannel2_2
TestProcessEligibleChannel2_2,86C6,TestProcessEligibleChannel2_2
TestProcessEligibleChannel2_2,8AWV,TestProcessEligibleChannel2_2
TestProcessEligibleChannel2_2,EXP6,TestProcessEligibleChannel2_2
TestProcessEligibleChannel2_2,3WJM,TestProcessEligibleChannel2_2
TestProcessEligibleChannel2_2,N38M,TestProcessEligibleChannel2_2
TestProcessEligibleChannel2_2,V3AX,TestProcessEligibleChannel2_2
TestProcessEligibleChannel2_2,8R3Z,TestProcessEligibleChannel2_2
TestProcessEligibleChannel2_2,EN3B,TestProcessEligibleChannel2_2
TestProcessEligibleChannel2_2,62R2,TestProcessEligibleChannel2_2
TestProcessEligibleChannel2_2,2KCW,TestProcessEligibleChannel2_2
TestProcessEligibleChannel2_2,GCJK,TestProcessEligibleChannel2_2
TestProcessEligibleChannel2_2,H6G3,TestProcessEligibleChannel2_2
TestProcessEligibleChannel2_2,ZX32,TestProcessEligibleChannel2_2
TestProcessEligibleChannel2_2,J74F,TestProcessEligibleChannel2_2
TestProcessEligibleChannel2_2,96DC,TestProcessEligibleChannel2_2
TestProcessEligibleChannel2_2,RJQP,TestProcessEligibleChannel2_2
TestProcessEligibleChannel2_2,ANDY,TestProcessEligibleChannel2_2
TestProcessEligibleChannel2_2,2BNR,TestProcessEligibleChannel2_2
TestProcessEligibleChannel2_2,T2R3,TestProcessEligibleChannel2_2
TestProcessEligibleChannel2_2,V8M8,TestProcessEligibleChannel2_2
TestProcessEligibleChannel2_2,EFWL,TestProcessEligibleChannel2_2
TestProcessEligibleChannel2_2,AKWY,TestProcessEligibleChannel2_2
TestProcessEligibleChannel2_2,66CP,TestProcessEligibleChannel2_2
TestProcessEligibleChannel2_2,ECBM,TestProcessEligibleChannel2_2
TestProcessEligibleChannel2_2,6X2G,TestProcessEligibleChannel2_2
TestProcessEligibleChannel2_2,VDC3,TestProcessEligibleChannel2_2
TestProcessEligibleChannel2_2,XYP7,TestProcessEligibleChannel2_2
TestProcessEligibleChannel2_2,PQP7,TestProcessEligibleChannel2_2
TestProcessEligibleChannel2_2,TX6F,TestProcessEligibleChannel2_2
TestProcessEligibleChannel2_2,QYQ9,TestProcessEligibleChannel2_2
TestProcessEligibleChannel2_2,GBCP,TestProcessEligibleChannel2_2
TestProcessEligibleChannel2_2,B4RM,TestProcessEligibleChannel2_2
TestProcessEligibleChannel2_2,7EJR,TestProcessEligibleChannel2_2
TestProcessEligibleChannel2_2,ZFJG,TestProcessEligibleChannel2_2
TestProcessEligibleChannel2_2,Y67K,TestProcessEligibleChannel2_2
TestProcessEligibleChannel2_2,PGAY,TestProcessEligibleChannel2_2
TestProcessEligibleChannel2_2,HBNN,TestProcessEligibleChannel2_2
TestProcessEligibleChannel2_2,FFJX,TestProcessEligibleChannel2_2
TestProcessEligibleChannel2_2,A7VZ,TestProcessEligibleChannel2_2
TestProcessEligibleChannel2_2,JW88,TestProcessEligibleChannel2_2
TestProcessEligibleChannel2_2,6CHF,TestProcessEligibleChannel2_2
TestProcessEligibleChannel2_2,WVX4,TestProcessEligibleChannel2_2
TestProcessEligibleChannel2_2,TTT7,TestProcessEligibleChannel2_2
TestProcessEligibleChannel2_2,FA83,TestProcessEligibleChannel2_2
TestProcessEligibleChannel2_2,3C4B,TestProcessEligibleChannel2_2
TestProcessEligibleChannel2_2,HJ4Q,TestProcessEligibleChannel2_2
TestProcessEligibleChannel2_2,NAMD,TestProcessEligibleChannel2_2
TestProcessEligibleChannel2_2,4PQL,TestProcessEligibleChannel2_2
TestProcessEligibleChannel2_2,FTQ7,TestProcessEligibleChannel2_2
TestProcessEligibleChannel2_2,6DQL,TestProcessEligibleChannel2_2
TestProcessEligibleChannel2_2,QDTR,TestProcessEligibleChannel2_2
TestProcessEligibleChannel2_2,ETDQ,TestProcessEligibleChannel2_2
TestProcessEligibleChannel2_2,3RFD,TestProcessEligibleChannel2_2
TestProcessEligibleChannel2_2,RXZK,TestProcessEligibleChannel2_2
TestProcessEligibleChannel2_2,7DZF,TestProcessEligibleChannel2_2
TestProcessEligibleChannel2_2,F96F,TestProcessEligibleChannel2_2
TestProcessEligibleChannel2_2,JXTG,TestProcessEligibleChannel2_2
TestProcessEligibleChannel2_2,D4QT,TestProcessEligibleChannel2_2
TestProcessEligibleChannel2_2,PVAN,TestProcessEligibleChannel2_2
TestProcessEligibleChannel2_2,6FFT,TestProcessEligibleChannel2_2
TestProcessEligibleChannel2_2,8CRM,TestProcessEligibleChannel2_2
TestProcessEligibleChannel2_2,DQVG,TestProcessEligibleChannel2_2
TestProcessEligibleChannel2_2,NXQ9,TestProcessEligibleChannel2_2
TestProcessEligibleChannel2_2,TY8V,TestProcessEligibleChannel2_2
TestProcessEligibleChannel2_2,YC8R,TestProcessEligibleChannel2_2
TestProcessEligibleChannel2_2,76HH,TestProcessEligibleChannel2_2
TestProcessEligibleChannel2_2,ZE2T,TestProcessEligibleChannel2_2
TestProcessEligibleChannel2_2,QMVW,TestProcessEligibleChannel2_2
TestProcessEligibleChannel2_2,WX39,TestProcessEligibleChannel2_2
TestProcessEligibleChannel2_2,G4NB,TestProcessEligibleChannel2_2
TestProcessEligibleChannel2_2,WVWQ,TestProcessEligibleChannel2_2
TestProcessEligibleChannel2_2,KJY7,TestProcessEligibleChannel2_2
TestProcessEligibleChannel2_2,9BC8,TestProcessEligibleChannel2_2
TestProcessEligibleChannel2_2,FREY,TestProcessEligibleChannel2_2
TestProcessEligibleChannel2_2,6FNE,TestProcessEligibleChannel2_2
TestProcessEligibleChannel2_2,F33T,TestProcessEligibleChannel2_2
TestProcessEligibleChannel2_2,YW64,TestProcessEligibleChannel2_2
TestProcessEligibleChannel2_2,KACC,TestProcessEligibleChannel2_2
TestProcessEligibleChannel2_2,RBHL,TestProcessEligibleChannel2_2
TestProcessEligibleChannel2_2,8AN6,TestProcessEligibleChannel2_2
TestProcessEligibleChannel2_2,JJ8R,TestProcessEligibleChannel2_2
TestProcessEligibleChannel2_2,HVZA,TestProcessEligibleChannel2_2
TestProcessEligibleChannel2_2,L24L,TestProcessEligibleChannel2_2
TestProcessEligibleChannel2_2,EP6B,TestProcessEligibleChannel2_2
TestProcessEligibleChannel2_2,JLQP,TestProcessEligibleChannel2_2
TestProcessEligibleChannel2_2,MAQX,TestProcessEligibleChannel2_2
TestProcessEligibleChannel2_2,NE8V,TestProcessEligibleChannel2_2
TestProcessEligibleChannel2_2,8VQT,TestProcessEligibleChannel2_2
TestProcessEligibleChannel2_2,RZJN,TestProcessEligibleChannel2_2
TestProcessEligibleChannel2_2,D9LP,TestProcessEligibleChannel2_2
TestProcessEligibleChannel2_2,AZG4,TestProcessEligibleChannel2_2
TestProcessEligibleChannel2_2,GWWX,TestProcessEligibleChannel2_2
TestProcessEligibleChannel2_2,K8YM,TestProcessEligibleChannel2_2
TestProcessEligibleChannel2_2,KCDA,TestProcessEligibleChannel2_2
TestProcessEligibleChannel2_2,FQNG,TestProcessEligibleChannel2_2
TestProcessEligibleChannel2_2,KEYJ,TestProcessEligibleChannel2_2
TestProcessEligibleChannel2_2,9FYX,TestProcessEligibleChannel2_2
TestProcessEligibleChannel2_2,FRJH,TestProcessEligibleChannel2_2
TestProcessEligibleChannel2_2,XN78,TestProcessEligibleChannel2_2
TestProcessEligibleChannel2_2,TWED,TestProcessEligibleChannel2_2
TestProcessEligibleChannel2_2,ANL8,TestProcessEligibleChannel2_2
TestProcessEligibleChannel2_2,9HH6,TestProcessEligibleChannel2_2
TestProcessEligibleChannel2_2,CBGM,TestProcessEligibleChannel2_2
TestProcessEligibleChannel2_2,PPFE,TestProcessEligibleChannel2_2
TestProcessEligibleChannel2_2,AMQB,TestProcessEligibleChannel2_2
TestProcessEligibleChannel2_2,T4ZJ,TestProcessEligibleChannel2_2
TestProcessEligibleChannel2_2,D37X,TestProcessEligibleChannel2_2
TestProcessEligibleChannel2_2,W7DH,TestProcessEligibleChannel2_2
TestProcessEligibleChannel2_2,KCZJ,TestProcessEligibleChannel2_2
TestProcessEligibleChannel2_2,WW6Q,TestProcessEligibleChannel2_2
TestProcessEligibleChannel2_2,JEJZ,TestProcessEligibleChannel2_2
TestProcessEligibleChannel2_2,AT7E,TestProcessEligibleChannel2_2
TestProcessEligibleChannel2_2,2FRD,TestProcessEligibleChannel2_2
TestProcessEligibleChannel2_2,4WDZ,TestProcessEligibleChannel2_2
TestProcessEligibleChannel2_2,7VMY,TestProcessEligibleChannel2_2
TestProcessEligibleChannel2_2,PPWJ,TestProcessEligibleChannel2_2
TestProcessEligibleChannel2_2,T4NH,TestProcessEligibleChannel2_2
TestProcessEligibleChannel2_2,A3PQ,TestProcessEligibleChannel2_2
TestProcessEligibleChannel2_2,YHQX,TestProcessEligibleChannel2_2
TestProcessEligibleChannel2_2,E7VG,TestProcessEligibleChannel2_2
TestProcessEligibleChannel2_2,ZL8Z,TestProcessEligibleChannel2_2
TestProcessEligibleChannel2_2,NB76,TestProcessEligibleChannel2_2
TestProcessEligibleChannel2_2,BMFN,TestProcessEligibleChannel2_2
TestProcessEligibleChannel2_2,ZKJF,TestProcessEligibleChannel2_2
TestProcessEligibleChannel2_2,RTTC,TestProcessEligibleChannel2_2
TestProcessEligibleChannel2_2,M3PN,TestProcessEligibleChannel2_2
TestProcessEligibleChannel2_2,PK3M,TestProcessEligibleChannel2_2
TestProcessEligibleChannel2_2,EKXV,TestProcessEligibleChannel2_2
TestProcessEligibleChannel2_2,2F22,TestProcessEligibleChannel2_2
TestProcessEligibleChannel2_2,6RH9,TestProcessEligibleChannel2_2
TestProcessEligibleChannel2_2,DDJH,TestProcessEligibleChannel2_2
TestProcessEligibleChannel2_2,WT8P,TestProcessEligibleChannel2_2
TestProcessEligibleChannel2_2,QB9R,TestProcessEligibleChannel2_2
TestProcessEligibleChannel2_2,366R,TestProcessEligibleChannel2_2
TestProcessEligibleChannel2_2,W3CR,TestProcessEligibleChannel2_2
TestProcessEligibleChannel2_2,DZKC,TestProcessEligibleChannel2_2
TestProcessEligibleChannel2_2,BTB2,TestProcessEligibleChannel2_2
TestProcessEligibleChannel2_2,FHNJ,TestProcessEligibleChannel2_2
TestProcessEligibleChannel2_2,M6YA,TestProcessEligibleChannel2_2
TestProcessEligibleChannel2_2,3A2F,TestProcessEligibleChannel2_2
TestProcessEligibleChannel2_2,LNEK,TestProcessEligibleChannel2_2
TestProcessEligibleChannel2_2,2PBV,TestProcessEligibleChannel2_2
TestProcessEligibleChannel2_2,7NJC,TestProcessEligibleChannel2_2
TestProcessEligibleChannel2_2,LQQ9,TestProcessEligibleChannel2_2
TestProcessEligibleChannel2_2,YGWE,TestProcessEligibleChannel2_2
TestProcessEligibleChannel2_2,JRPF,TestProcessEligibleChannel2_2
TestProcessEligibleChannel2_2,2KNN,TestProcessEligibleChannel2_2
TestProcessEligibleChannel2_2,XLKR,TestProcessEligibleChannel2_2
TestProcessEligibleChannel2_2,FY7L,TestProcessEligibleChannel2_2
TestProcessEligibleChannel2_2,WL8C,TestProcessEligibleChannel2_2
TestProcessEligibleChannel2_2,N3JX,TestProcessEligibleChannel2_2
TestProcessEligibleChannel2_2,WAMD,TestProcessEligibleChannel2_2
TestProcessEligibleChannel2_2,9YRJ,TestProcessEligibleChannel2_2
TestProcessEligibleChannel2_2,VXKL,TestProcessEligibleChannel2_2
TestProcessEligibleChannel2_2,M9WG,TestProcessEligibleChannel2_2
TestProcessEligibleChannel2_2,PA9D,TestProcessEligibleChannel2_2
TestProcessEligibleChannel2_2,BTGC,TestProcessEligibleChannel2_2
TestProcessEligibleChannel2_2,K7DC,TestProcessEligibleChannel2_2
TestProcessEligibleChannel2_2,33JR,TestProcessEligibleChannel2_2
TestProcessEligibleChannel2_2,XEEF,TestProcessEligibleChannel2_2
TestProcessEligibleChannel2_2,2GPJ,TestProcessEligibleChannel2_2
TestProcessEligibleChannel2_2,4EVR,TestProcessEligibleChannel2_2
TestProcessEligibleChannel2_2,8AZ4,TestProcessEligibleChannel2_2
TestProcessEligibleChannel2_2,QK23,TestProcessEligibleChannel2_2
TestProcessEligibleChannel2_2,8GYM,TestProcessEligibleChannel2_2
TestProcessEligibleChannel2_2,X46X,TestProcessEligibleChannel2_2
TestProcessEligibleChannel2_2,767C,TestProcessEligibleChannel2_2
TestProcessEligibleChannel2_2,L96C,TestProcessEligibleChannel2_2
TestProcessEligibleChannel2_2,LJF9,TestProcessEligibleChannel2_2
TestProcessEligibleChannel2_2,C27Z,TestProcessEligibleChannel2_2
TestProcessEligibleChannel2_2,PJQ6,TestProcessEligibleChannel2_2
TestProcessEligibleChannel2_2,JZXD,TestProcessEligibleChannel2_2
TestProcessEligibleChannel2_2,4LQG,TestProcessEligibleChannel2_2
TestProcessEligibleChannel2_2,AF4T,TestProcessEligibleChannel2_2
TestProcessEligibleChannel2_2,XZ46,TestProcessEligibleChannel2_2
TestProcessEligibleChannel2_2,MERT,TestProcessEligibleChannel2_2
TestProcessEligibleChannel2_2,NVDP,TestProcessEligibleChannel2_2
TestProcessEligibleChannel2_2,8C68,TestProcessEligibleChannel2_2
TestProcessEligibleChannel2_2,K628,TestProcessEligibleChannel2_2
TestProcessEligibleChannel2_2,W7K2,TestProcessEligibleChannel2_2
TestProcessEligibleChannel2_2,773N,TestProcessEligibleChannel2_2
TestProcessEligibleChannel2_2,HNHL,TestProcessEligibleChannel2_2
TestProcessEligibleChannel2_2,MYBZ,TestProcessEligibleChannel2_2
TestProcessEligibleChannel2_2,TW7F,TestProcessEligibleChannel2_2
TestProcessEligibleChannel2_2,V9MR,TestProcessEligibleChannel2_2
TestProcessEligibleChannel2_2,JEC7,TestProcessEligibleChannel2_2
TestProcessEligibleChannel2_2,VWJR,TestProcessEligibleChannel2_2
TestProcessEligibleChannel2_2,YBXV,TestProcessEligibleChannel2_2
TestProcessEligibleChannel2_2,92RG,TestProcessEligibleChannel2_2
TestProcessEligibleChannel2_2,WBCK,TestProcessEligibleChannel2_2
TestProcessEligibleChannel2_2,GYVK,TestProcessEligibleChannel2_2
TestProcessEligibleChannel2_2,2L9B,TestProcessEligibleChannel2_2
TestProcessEligibleChannel2_2,HZ99,TestProcessEligibleChannel2_2
TestProcessEligibleChannel2_2,XE7B,TestProcessEligibleChannel2_2
TestProcessEligibleChannel2_2,EFYC,TestProcessEligibleChannel2_2
TestProcessEligibleChannel2_2,RLZL,TestProcessEligibleChannel2_2
TestProcessEligibleChannel2_2,EWFV,TestProcessEligibleChannel2_2
TestProcessEligibleChannel2_2,N3A4,TestProcessEligibleChannel2_2
TestProcessEligibleChannel2_2,34T8,TestProcessEligibleChannel2_2
TestProcessEligibleChannel2_2,RTLC,TestProcessEligibleChannel2_2
TestProcessEligibleChannel2_2,BN8K,TestProcessEligibleChannel2_2
TestProcessEligibleChannel2_2,BVTT,TestProcessEligibleChannel2_2
TestProcessEligibleChannel2_2,4RXD,TestProcessEligibleChannel2_2
TestProcessEligibleChannel2_2,JV96,TestProcessEligibleChannel2_2
TestProcessEligibleChannel2_2,LLVQ,TestProcessEligibleChannel2_2
TestProcessEligibleChannel2_2,QCYJ,TestProcessEligibleChannel2_2
TestProcessEligibleChannel2_2,J7LJ,TestProcessEligibleChannel2_2
TestProcessEligibleChannel2_2,2ZTK,TestProcessEligibleChannel2_2
TestProcessEligibleChannel2_2,CGWN,TestProcessEligibleChannel2_2
TestProcessEligibleChannel2_2,XKVH,TestProcessEligibleChannel2_2
TestProcessEligibleChannel2_2,VCBK,TestProcessEligibleChannel2_2
TestProcessEligibleChannel2_2,K667,TestProcessEligibleChannel2_2
TestProcessEligibleChannel2_2,R4KZ,TestProcessEligibleChannel2_2
TestProcessEligibleChannel2_2,F9VD,TestProcessEligibleChannel2_2
TestProcessEligibleChannel2_2,RM34,TestProcessEligibleChannel2_2
TestProcessEligibleChannel2_2,2LA8,TestProcessEligibleChannel2_2
TestProcessEligibleChannel2_2,CPRA,TestProcessEligibleChannel2_2
TestProcessEligibleChannel2_2,3NFZ,TestProcessEligibleChannel2_2
TestProcessEligibleChannel2_2,BCK3,TestProcessEligibleChannel2_2
TestProcessEligibleChannel2_2,8ZEE,TestProcessEligibleChannel2_2
TestProcessEligibleChannel2_2,YRDA,TestProcessEligibleChannel2_2
TestProcessEligibleChannel2_2,D2JW,TestProcessEligibleChannel2_2
TestProcessEligibleChannel2_2,WRZ9,TestProcessEligibleChannel2_2
TestProcessEligibleChannel2_2,EE46,TestProcessEligibleChannel2_2
TestProcessEligibleChannel2_2,9QGW,TestProcessEligibleChannel2_2
TestProcessEligibleChannel2_2,WZRW,TestProcessEligibleChannel2_2
TestProcessEligibleChannel2_2,NKAT,TestProcessEligibleChannel2_2
TestProcessEligibleChannel2_2,VBZ8,TestProcessEligibleChannel2_2
TestProcessEligibleChannel2_2,D4MB,TestProcessEligibleChannel2_2
TestProcessEligibleChannel2_2,N4DY,TestProcessEligibleChannel2_2
TestProcessEligibleChannel2_2,2N3Y,TestProcessEligibleChannel2_2
TestProcessEligibleChannel2_2,VH7A,TestProcessEligibleChannel2_2
TestProcessEligibleChannel2_2,KYW9,TestProcessEligibleChannel2_2
TestProcessEligibleChannel2_2,ZZMW,TestProcessEligibleChannel2_2
TestProcessEligibleChannel2_2,FKVH,TestProcessEligibleChannel2_2
TestProcessEligibleChannel2_2,RTRJ,TestProcessEligibleChannel2_2
TestProcessEligibleChannel2_2,BW3K,TestProcessEligibleChannel2_2
TestProcessEligibleChannel2_2,4FBJ,TestProcessEligibleChannel2_2
TestProcessEligibleChannel2_2,BMJD,TestProcessEligibleChannel2_2
TestProcessEligibleChannel2_2,CVHE,TestProcessEligibleChannel2_2
TestProcessEligibleChannel2_2,GAN8,TestProcessEligibleChannel2_2
TestProcessEligibleChannel2_2,7732,TestProcessEligibleChannel2_2
TestProcessEligibleChannel2_2,YANY,TestProcessEligibleChannel2_2
TestProcessEligibleChannel2_2,TFAP,TestProcessEligibleChannel2_2
TestProcessEligibleChannel2_2,X6QR,TestProcessEligibleChannel2_2
TestProcessEligibleChannel2_2,8FQ3,TestProcessEligibleChannel2_2
TestProcessEligibleChannel2_2,VPQ6,TestProcessEligibleChannel2_2
TestProcessEligibleChannel2_2,PHKL,TestProcessEligibleChannel2_2
TestProcessEligibleChannel2_2,KN3M,TestProcessEligibleChannel2_2
TestProcessEligibleChannel2_2,7PME,TestProcessEligibleChannel2_2
TestProcessEligibleChannel2_2,4R9Y,TestProcessEligibleChannel2_2
TestProcessEligibleChannel2_2,NLFM,TestProcessEligibleChannel2_2
TestProcessEligibleChannel2_2,RGY6,TestProcessEligibleChannel2_2
TestProcessEligibleChannel2_2,Q37Z,TestProcessEligibleChannel2_2
TestProcessEligibleChannel2_2,XYLG,TestProcessEligibleChannel2_2
TestProcessEligibleChannel2_2,ZPB6,TestProcessEligibleChannel2_2
TestProcessEligibleChannel2_2,7EJN,TestProcessEligibleChannel2_2
TestProcessEligibleChannel2_2,QA9R,TestProcessEligibleChannel2_2
TestProcessEligibleChannel2_2,FY8R,TestProcessEligibleChannel2_2
TestProcessEligibleChannel2_2,77AF,TestProcessEligibleChannel2_2
TestProcessEligibleChannel2_2,6TEM,TestProcessEligibleChannel2_2
TestProcessEligibleChannel2_2,RJZY,TestProcessEligibleChannel2_2
TestProcessEligibleChannel2_2,2HJY,TestProcessEligibleChannel2_2
TestProcessEligibleChannel2_2,NLC2,TestProcessEligibleChannel2_2
TestProcessEligibleChannel2_2,TFY2,TestProcessEligibleChannel2_2
TestProcessEligibleChannel2_2,2P4J,TestProcessEligibleChannel2_2
TestProcessEligibleChannel2_2,R3BF,TestProcessEligibleChannel2_2
TestProcessEligibleChannel2_2,X82K,TestProcessEligibleChannel2_2
TestProcessEligibleChannel2_2,4NGW,TestProcessEligibleChannel2_2
TestProcessEligibleChannel2_2,94RP,TestProcessEligibleChannel2_2
TestProcessEligibleChannel2_2,XFKZ,TestProcessEligibleChannel2_2
TestProcessEligibleChannel2_2,CFT7,TestProcessEligibleChannel2_2
TestProcessEligibleChannel2_2,9EFM,TestProcessEligibleChannel2_2
TestProcessEligibleChannel2_2,KK9B,TestProcessEligibleChannel2_2
TestProcessEligibleChannel2_2,2E3V,TestProcessEligibleChannel2_2
TestProcessEligibleChannel2_2,MCPX,TestProcessEligibleChannel2_2
TestProcessEligibleChannel2_2,AK96,TestProcessEligibleChannel2_2
TestProcessEligibleChannel2_2,EX3K,TestProcessEligibleChannel2_2
TestProcessEligibleChannel2_2,D8G9,TestProcessEligibleChannel2_2
TestProcessEligibleChannel2_2,HLNT,TestProcessEligibleChannel2_2
TestProcessEligibleChannel2_2,WQ64,TestProcessEligibleChannel2_2
TestProcessEligibleChannel2_2,JGFA,TestProcessEligibleChannel2_2
TestProcessEligibleChannel2_2,ZZFH,TestProcessEligibleChannel2_2
TestProcessEligibleChannel2_2,434Q,TestProcessEligibleChannel2_2
TestProcessEligibleChannel2_2,KE48,TestProcessEligibleChannel2_2
TestProcessEligibleChannel2_2,B2DW,TestProcessEligibleChannel2_2
TestProcessEligibleChannel2_2,Y7CE,TestProcessEligibleChannel2_2
TestProcessEligibleChannel2_2,JV49,TestProcessEligibleChannel2_2
TestProcessEligibleChannel2_2,3R3H,TestProcessEligibleChannel2_2
TestProcessEligibleChannel2_2,7FFT,TestProcessEligibleChannel2_2
TestProcessEligibleChannel2_2,KL3H,TestProcessEligibleChannel2_2
TestProcessEligibleChannel2_2,W8BF,TestProcessEligibleChannel2_2
TestProcessEligibleChannel2_2,GH8G,TestProcessEligibleChannel2_2
TestProcessEligibleChannel2_2,TWRC,TestProcessEligibleChannel2_2
TestProcessEligibleChannel2_2,7ATQ,TestProcessEligibleChannel2_2
TestProcessEligibleChannel2_2,CAVA,TestProcessEligibleChannel2_2
TestProcessEligibleChannel2_2,QFQV,TestProcessEligibleChannel2_2
TestProcessEligibleChannel2_2,28GT,TestProcessEligibleChannel2_2
TestProcessEligibleChannel2_2,8GVK,TestProcessEligibleChannel2_2
TestProcessEligibleChannel2_2,92RZ,TestProcessEligibleChannel2_2
TestProcessEligibleChannel2_2,4ERL,TestProcessEligibleChannel2_2
TestProcessEligibleChannel2_2,2Y2J,TestProcessEligibleChannel2_2
TestProcessEligibleChannel2_2,JKJF,TestProcessEligibleChannel2_2
TestProcessEligibleChannel2_2,CATN,TestProcessEligibleChannel2_2
TestProcessEligibleChannel2_2,DFCN,TestProcessEligibleChannel2_2
TestProcessEligibleChannel2_2,LXVQ,TestProcessEligibleChannel2_2
TestProcessEligibleChannel2_2,ZHFP,TestProcessEligibleChannel2_2
TestProcessEligibleChannel2_2,8NB2,TestProcessEligibleChannel2_2
TestProcessEligibleChannel2_2,WLQM,TestProcessEligibleChannel2_2
TestProcessEligibleChannel2_2,3DXX,TestProcessEligibleChannel2_2
TestProcessEligibleChannel2_2,9JH4,TestProcessEligibleChannel2_2
TestProcessEligibleChannel2_2,Y9ZB,TestProcessEligibleChannel2_2
TestProcessEligibleChannel2_2,ACHB,TestProcessEligibleChannel2_2
TestProcessEligibleChannel2_2,TF29,TestProcessEligibleChannel2_2
TestProcessEligibleChannel2_2,F8AG,TestProcessEligibleChannel2_2
TestProcessEligibleChannel2_2,WL3Y,TestProcessEligibleChannel2_2
TestProcessEligibleChannel2_2,JNQL,TestProcessEligibleChannel2_2
TestProcessEligibleChannel2_2,AJ2F,TestProcessEligibleChannel2_2
TestProcessEligibleChannel2_2,NQDX,TestProcessEligibleChannel2_2
TestProcessEligibleChannel2_2,FTKR,TestProcessEligibleChannel2_2
TestProcessEligibleChannel2_2,YKWG,TestProcessEligibleChannel2_2
TestProcessEligibleChannel2_2,EKWP,TestProcessEligibleChannel2_2
TestProcessEligibleChannel2_2,KLNL,TestProcessEligibleChannel2_2
TestProcessEligibleChannel2_2,PVVX,TestProcessEligibleChannel2_2
TestProcessEligibleChannel2_2,3RXD,TestProcessEligibleChannel2_2
TestProcessEligibleChannel2_2,T2HN,TestProcessEligibleChannel2_2
TestProcessEligibleChannel2_2,PY9D,TestProcessEligibleChannel2_2
TestProcessEligibleChannel2_2,NHBA,TestProcessEligibleChannel2_2
TestProcessEligibleChannel2_2,46CM,TestProcessEligibleChannel2_2
TestProcessEligibleChannel2_2,CL47,TestProcessEligibleChannel2_2
TestProcessEligibleChannel2_2,RYNN,TestProcessEligibleChannel2_2
TestProcessEligibleChannel2_2,XHFM,TestProcessEligibleChannel2_2
TestProcessEligibleChannel2_2,K27X,TestProcessEligibleChannel2_2
TestProcessEligibleChannel2_2,D82H,TestProcessEligibleChannel2_2
TestProcessEligibleChannel2_2,YYBL,TestProcessEligibleChannel2_2
TestProcessEligibleChannel2_2,7A2W,TestProcessEligibleChannel2_2
TestProcessEligibleChannel2_2,KP4Q,TestProcessEligibleChannel2_2
TestProcessEligibleChannel2_2,XRMP,TestProcessEligibleChannel2_2
TestProcessEligibleChannel2_2,7CWK,TestProcessEligibleChannel2_2
TestProcessEligibleChannel2_2,49H2,TestProcessEligibleChannel2_2
TestProcessEligibleChannel2_2,R3FE,TestProcessEligibleChannel2_2
TestProcessEligibleChannel2_2,KJ8V,TestProcessEligibleChannel2_2
TestProcessEligibleChannel2_2,HCDB,TestProcessEligibleChannel2_2
TestProcessEligibleChannel2_2,4NRC,TestProcessEligibleChannel2_2
TestProcessEligibleChannel2_2,R9XZ,TestProcessEligibleChannel2_2
TestProcessEligibleChannel2_2,VVDW,TestProcessEligibleChannel2_2
TestProcessEligibleChannel2_2,8VWQ,TestProcessEligibleChannel2_2
TestProcessEligibleChannel2_2,RYMP,TestProcessEligibleChannel2_2
TestProcessEligibleChannel2_2,RJL9,TestProcessEligibleChannel2_2
TestProcessEligibleChannel2_2,KCEJ,TestProcessEligibleChannel2_2
TestProcessEligibleChannel2_2,6LWV,TestProcessEligibleChannel2_2
TestProcessEligibleChannel2_2,XFRE,TestProcessEligibleChannel2_2
TestProcessEligibleChannel2_2,V3WR,TestProcessEligibleChannel2_2
TestProcessEligibleChannel2_2,HAXV,TestProcessEligibleChannel2_2
TestProcessEligibleChannel2_2,ZYBC,TestProcessEligibleChannel2_2
TestProcessEligibleChannel2_2,DWD2,TestProcessEligibleChannel2_2
TestProcessEligibleChannel2_2,N9AQ,TestProcessEligibleChannel2_2
TestProcessEligibleChannel2_2,FGQK,TestProcessEligibleChannel2_2
TestProcessEligibleChannel2_2,Q2HF,TestProcessEligibleChannel2_2
TestProcessEligibleChannel2_2,6JEF,TestProcessEligibleChannel2_2
TestProcessEligibleChannel2_2,CXPN,TestProcessEligibleChannel2_2
TestProcessEligibleChannel2_2,D4DX,TestProcessEligibleChannel2_2
TestProcessEligibleChannel2_2,4EXQ,TestProcessEligibleChannel2_2
TestProcessEligibleChannel2_2,6WDG,TestProcessEligibleChannel2_2
TestProcessEligibleChannel2_2,YPNZ,TestProcessEligibleChannel2_2
TestProcessEligibleChannel2_2,HFX6,TestProcessEligibleChannel2_2
TestProcessEligibleChannel2_2,XCFE,TestProcessEligibleChannel2_2
TestProcessEligibleChannel2_2,6C8N,TestProcessEligibleChannel2_2
TestProcessEligibleChannel2_2,LWZB,TestProcessEligibleChannel2_2
TestProcessEligibleChannel2_2,ML87,TestProcessEligibleChannel2_2
TestProcessEligibleChannel2_2,3DXM,TestProcessEligibleChannel2_2
TestProcessEligibleChannel2_2,8CKX,TestProcessEligibleChannel2_2
TestProcessEligibleChannel2_2,PXPA,TestProcessEligibleChannel2_2
TestProcessEligibleChannel2_2,9NVJ,TestProcessEligibleChannel2_2
TestProcessEligibleChannel2_2,QNE7,TestProcessEligibleChannel2_2
TestProcessEligibleChannel2_2,9A8F,TestProcessEligibleChannel2_2
TestProcessEligibleChannel2_2,HLD7,TestProcessEligibleChannel2_2
TestProcessEligibleChannel2_2,XX6B,TestProcessEligibleChannel2_2
TestProcessEligibleChannel2_2,2238,TestProcessEligibleChannel2_2
TestProcessEligibleChannel2_2,N3TL,TestProcessEligibleChannel2_2
TestProcessEligibleChannel2_2,7ZHH,TestProcessEligibleChannel2_2
TestProcessEligibleChannel2_2,FX7L,TestProcessEligibleChannel2_2
TestProcessEligibleChannel2_2,7W7E,TestProcessEligibleChannel2_2
TestProcessEligibleChannel2_2,KCZM,TestProcessEligibleChannel2_2
TestProcessEligibleChannel2_2,DLR2,TestProcessEligibleChannel2_2
TestProcessEligibleChannel2_2,TL8X,TestProcessEligibleChannel2_2
TestProcessEligibleChannel2_2,V7RX,TestProcessEligibleChannel2_2
TestProcessEligibleChannel2_2,H7JM,TestProcessEligibleChannel2_2
TestProcessEligibleChannel2_2,CH22,TestProcessEligibleChannel2_2
TestProcessEligibleChannel2_2,6THM,TestProcessEligibleChannel2_2
TestProcessEligibleChannel2_2,TD8Q,TestProcessEligibleChannel2_2
TestProcessEligibleChannel2_2,JJ4Y,TestProcessEligibleChannel2_2
TestProcessEligibleChannel2_2,FB96,TestProcessEligibleChannel2_2
TestProcessEligibleChannel2_2,KML4,TestProcessEligibleChannel2_2
TestProcessEligibleChannel2_2,M4DG,TestProcessEligibleChannel2_2
TestProcessEligibleChannel2_2,ZB7Y,TestProcessEligibleChannel2_2
TestProcessEligibleChannel2_2,FZ4B,TestProcessEligibleChannel2_2
TestProcessEligibleChannel2_2,BH96,TestProcessEligibleChannel2_2
TestProcessEligibleChannel2_2,8N68,TestProcessEligibleChannel2_2
TestProcessEligibleChannel2_2,LRNV,TestProcessEligibleChannel2_2
TestProcessEligibleChannel2_2,7MTB,TestProcessEligibleChannel2_2
TestProcessEligibleChannel2_2,VQ4H,TestProcessEligibleChannel2_2
TestProcessEligibleChannel2_2,J68Q,TestProcessEligibleChannel2_2
TestProcessEligibleChannel2_2,2WEE,TestProcessEligibleChannel2_2
TestProcessEligibleChannel2_2,9AX3,TestProcessEligibleChannel2_2
TestProcessEligibleChannel2_2,PPFR,TestProcessEligibleChannel2_2
TestProcessEligibleChannel2_2,ATND,TestProcessEligibleChannel2_2
TestProcessEligibleChannel2_2,ZPJY,TestProcessEligibleChannel2_2
TestProcessEligibleChannel2_2,8RV3,TestProcessEligibleChannel2_2
TestProcessEligibleChannel2_2,THE9,TestProcessEligibleChannel2_2
TestProcessEligibleChannel2_2,KQCG,TestProcessEligibleChannel2_2
TestProcessEligibleChannel2_2,J9MV,TestProcessEligibleChannel2_2
TestProcessEligibleChannel2_2,AL3X,TestProcessEligibleChannel2_2
TestProcessEligibleChannel2_2,RREE,TestProcessEligibleChannel2_2
TestProcessEligibleChannel2_2,RKQL,TestProcessEligibleChannel2_2
TestProcessEligibleChannel2_2,C4LR,TestProcessEligibleChannel2_2
TestProcessEligibleChannel2_2,T8WE,TestProcessEligibleChannel2_2
TestProcessEligibleChannel2_2,Q7ZH,TestProcessEligibleChannel2_2
TestProcessEligibleChannel2_2,QDVY,TestProcessEligibleChannel2_2
TestProcessEligibleChannel2_2,XED4,TestProcessEligibleChannel2_2
TestProcessEligibleChannel2_2,6E4J,TestProcessEligibleChannel2_2
TestProcessEligibleChannel2_2,3TCN,TestProcessEligibleChannel2_2
TestProcessEligibleChannel2_2,9PMX,TestProcessEligibleChannel2_2
TestProcessEligibleChannel2_2,TD2P,TestProcessEligibleChannel2_2
TestProcessEligibleChannel2_2,LPXW,TestProcessEligibleChannel2_2
TestProcessEligibleChannel2_2,ZRB2,TestProcessEligibleChannel2_2
TestProcessEligibleChannel2_2,L6P7,TestProcessEligibleChannel2_2
TestProcessEligibleChannel2_2,PRB2,TestProcessEligibleChannel2_2
TestProcessEligibleChannel2_2,XXBF,TestProcessEligibleChannel2_2
TestProcessEligibleChannel2_2,V42A,TestProcessEligibleChannel2_2
TestProcessEligibleChannel2_2,J44F,TestProcessEligibleChannel2_2
TestProcessEligibleChannel2_2,ZMEX,TestProcessEligibleChannel2_2
TestProcessEligibleChannel2_2,FTRN,TestProcessEligibleChannel2_2
TestProcessEligibleChannel2_2,YFB4,TestProcessEligibleChannel2_2
TestProcessEligibleChannel2_2,G48P,TestProcessEligibleChannel2_2
TestProcessEligibleChannel2_2,TCWP,TestProcessEligibleChannel2_2
TestProcessEligibleChannel2_2,QVCX,TestProcessEligibleChannel2_2
TestProcessEligibleChannel2_2,6D8C,TestProcessEligibleChannel2_2
TestProcessEligibleChannel2_2,6GGX,TestProcessEligibleChannel2_2
TestProcessEligibleChannel2_2,N24B,TestProcessEligibleChannel2_2
TestProcessEligibleChannel2_2,FVBV,TestProcessEligibleChannel2_2
TestProcessEligibleChannel2_2,QRXP,TestProcessEligibleChannel2_2
TestProcessEligibleChannel2_2,PADZ,TestProcessEligibleChannel2_2
TestProcessEligibleChannel2_2,872K,TestProcessEligibleChannel2_2
TestProcessEligibleChannel2_2,9TKV,TestProcessEligibleChannel2_2
TestProcessEligibleChannel2_2,6XTE,TestProcessEligibleChannel2_2
TestProcessEligibleChannel2_2,YL3T,TestProcessEligibleChannel2_2
TestProcessEligibleChannel2_2,BDQ8,TestProcessEligibleChannel2_2
TestProcessEligibleChannel2_2,NW7P,TestProcessEligibleChannel2_2
TestProcessEligibleChannel2_2,96TA,TestProcessEligibleChannel2_2
TestProcessEligibleChannel2_2,FM3W,TestProcessEligibleChannel2_2
TestProcessEligibleChannel2_2,ZZWT,TestProcessEligibleChannel2_2
TestProcessEligibleChannel2_2,BTCW,TestProcessEligibleChannel2_2
TestProcessEligibleChannel2_2,3KAR,TestProcessEligibleChannel2_2
TestProcessEligibleChannel2_2,7V2K,TestProcessEligibleChannel2_2
TestProcessEligibleChannel2_2,HH2P,TestProcessEligibleChannel2_2
TestProcessEligibleChannel2_2,H264,TestProcessEligibleChannel2_2
TestProcessEligibleChannel2_2,ZXBQ,TestProcessEligibleChannel2_2
TestProcessEligibleChannel2_2,NBED,TestProcessEligibleChannel2_2
TestProcessEligibleChannel2_2,3NWX,TestProcessEligibleChannel2_2
TestProcessEligibleChannel2_2,ZHAJ,TestProcessEligibleChannel2_2
TestProcessEligibleChannel2_2,ZE7Z,TestProcessEligibleChannel2_2
TestProcessEligibleChannel2_2,LMP8,TestProcessEligibleChannel2_2
TestProcessEligibleChannel2_2,JVB3,TestProcessEligibleChannel2_2
TestProcessEligibleChannel2_2,AGAA,TestProcessEligibleChannel2_2
TestProcessEligibleChannel2_2,DF38,TestProcessEligibleChannel2_2
TestProcessEligibleChannel2_2,9RFQ,TestProcessEligibleChannel2_2
TestProcessEligibleChannel2_2,GWJH,TestProcessEligibleChannel2_2
TestProcessEligibleChannel2_2,F9GV,TestProcessEligibleChannel2_2
TestProcessEligibleChannel2_2,WZGL,TestProcessEligibleChannel2_2
TestProcessEligibleChannel2_2,YNWJ,TestProcessEligibleChannel2_2
TestProcessEligibleChannel2_2,23ZN,TestProcessEligibleChannel2_2
TestProcessEligibleChannel2_2,CNQC,TestProcessEligibleChannel2_2
TestProcessEligibleChannel2_2,4DHZ,TestProcessEligibleChannel2_2
TestProcessEligibleChannel2_2,PEE2,TestProcessEligibleChannel2_2
TestProcessEligibleChannel2_2,THE6,TestProcessEligibleChannel2_2
TestProcessEligibleChannel2_2,TNZE,TestProcessEligibleChannel2_2
TestProcessEligibleChannel2_2,7R9N,TestProcessEligibleChannel2_2
TestProcessEligibleChannel2_2,77GY,TestProcessEligibleChannel2_2
TestProcessEligibleChannel2_2,AJF7,TestProcessEligibleChannel2_2
TestProcessEligibleChannel2_2,HYBT,TestProcessEligibleChannel2_2
TestProcessEligibleChannel2_2,VTBG,TestProcessEligibleChannel2_2
TestProcessEligibleChannel2_2,M6PW,TestProcessEligibleChannel2_2
TestProcessEligibleChannel2_2,7F2G,TestProcessEligibleChannel2_2
TestProcessEligibleChannel2_2,MFAT,TestProcessEligibleChannel2_2
TestProcessEligibleChannel2_2,B9GQ,TestProcessEligibleChannel2_2
TestProcessEligibleChannel2_2,2MWC,TestProcessEligibleChannel2_2
TestProcessEligibleChannel2_2,9BMV,TestProcessEligibleChannel2_2
TestProcessEligibleChannel2_2,G2K2,TestProcessEligibleChannel2_2
TestProcessEligibleChannel2_2,3EVK,TestProcessEligibleChannel2_2
TestProcessEligibleChannel2_2,6C3A,TestProcessEligibleChannel2_2
TestProcessEligibleChannel2_2,X37B,TestProcessEligibleChannel2_2
TestProcessEligibleChannel2_2,8XY4,TestProcessEligibleChannel2_2
TestProcessEligibleChannel2_2,CGAB,TestProcessEligibleChannel2_2
TestProcessEligibleChannel2_2,YNBE,TestProcessEligibleChannel2_2
TestProcessEligibleChannel2_2,YQJY,TestProcessEligibleChannel2_2
TestProcessEligibleChannel2_2,PTRP,TestProcessEligibleChannel2_2
TestProcessEligibleChannel2_2,TZ6G,TestProcessEligibleChannel2_2
TestProcessEligibleChannel2_2,ZGMH,TestProcessEligibleChannel2_2
TestProcessEligibleChannel2_2,6CWF,TestProcessEligibleChannel2_2
TestProcessEligibleChannel2_2,CFFN,TestProcessEligibleChannel2_2
TestProcessEligibleChannel2_2,PDEE,TestProcessEligibleChannel2_2
TestProcessEligibleChannel2_2,XJ7E,TestProcessEligibleChannel2_2
TestProcessEligibleChannel2_2,FRR7,TestProcessEligibleChannel2_2
TestProcessEligibleChannel2_2,NH66,TestProcessEligibleChannel2_2
TestProcessEligibleChannel2_2,Q3BH,TestProcessEligibleChannel2_2
TestProcessEligibleChannel2_2,6TGF,TestProcessEligibleChannel2_2
TestProcessEligibleChannel2_2,D6BR,TestProcessEligibleChannel2_2
TestProcessEligibleChannel2_2,7XJC,TestProcessEligibleChannel2_2
TestProcessEligibleChannel2_2,MRW7,TestProcessEligibleChannel2_2
TestProcessEligibleChannel2_2,Z6R3,TestProcessEligibleChannel2_2
TestProcessEligibleChannel2_2,4BQX,TestProcessEligibleChannel2_2
TestProcessEligibleChannel2_2,CGVE,TestProcessEligibleChannel2_2
TestProcessEligibleChannel2_2,BZQM,TestProcessEligibleChannel2_2
TestProcessEligibleChannel2_2,P2A7,TestProcessEligibleChannel2_2
TestProcessEligibleChannel2_2,8HGP,TestProcessEligibleChannel2_2
TestProcessEligibleChannel2_2,WWK6,TestProcessEligibleChannel2_2
TestProcessEligibleChannel2_2,8QQ6,TestProcessEligibleChannel2_2
TestProcessEligibleChannel2_2,Y79A,TestProcessEligibleChannel2_2
TestProcessEligibleChannel2_2,BKQV,TestProcessEligibleChannel2_2
TestProcessEligibleChannel2_2,PCPR,TestProcessEligibleChannel2_2
TestProcessEligibleChannel2_2,DAAY,TestProcessEligibleChannel2_2
TestProcessEligibleChannel2_2,WNNF,TestProcessEligibleChannel2_2
TestProcessEligibleChannel2_2,R7GG,TestProcessEligibleChannel2_2
TestProcessEligibleChannel2_2,4D3C,TestProcessEligibleChannel2_2
TestProcessEligibleChannel2_2,FPLZ,TestProcessEligibleChannel2_2
TestProcessEligibleChannel2_2,32T2,TestProcessEligibleChannel2_2
TestProcessEligibleChannel2_2,KEXN,TestProcessEligibleChannel2_2
TestProcessEligibleChannel2_2,XBTZ,TestProcessEligibleChannel2_2
TestProcessEligibleChannel2_2,J2AN,TestProcessEligibleChannel2_2
TestProcessEligibleChannel2_2,HMJW,TestProcessEligibleChannel2_2
TestProcessEligibleChannel2_2,RK8W,TestProcessEligibleChannel2_2
TestProcessEligibleChannel2_2,TPRZ,TestProcessEligibleChannel2_2
TestProcessEligibleChannel2_2,BAKV,TestProcessEligibleChannel2_2
TestProcessEligibleChannel2_2,3PAL,TestProcessEligibleChannel2_2
TestProcessEligibleChannel2_2,P8RX,TestProcessEligibleChannel2_2
TestProcessEligibleChannel2_2,4HGW,TestProcessEligibleChannel2_2
TestProcessEligibleChannel2_2,AL93,TestProcessEligibleChannel2_2
TestProcessEligibleChannel2_2,M6E3,TestProcessEligibleChannel2_2
TestProcessEligibleChannel2_2,3WWE,TestProcessEligibleChannel2_2
TestProcessEligibleChannel2_2,J4D8,TestProcessEligibleChannel2_2
TestProcessEligibleChannel2_2,4BMW,TestProcessEligibleChannel2_2
TestProcessEligibleChannel2_2,BPYD,TestProcessEligibleChannel2_2
TestProcessEligibleChannel2_2,P6XM,TestProcessEligibleChannel2_2
TestProcessEligibleChannel2_2,ZPWY,TestProcessEligibleChannel2_2
TestProcessEligibleChannel2_2,66PT,TestProcessEligibleChannel2_2
TestProcessEligibleChannel2_2,6FK8,TestProcessEligibleChannel2_2
TestProcessEligibleChannel2_2,N276,TestProcessEligibleChannel2_2
TestProcessEligibleChannel2_2,THEL,TestProcessEligibleChannel2_2
TestProcessEligibleChannel2_2,J8KH,TestProcessEligibleChannel2_2
TestProcessEligibleChannel2_2,AVY7,TestProcessEligibleChannel2_2
TestProcessEligibleChannel2_2,Z4V7,TestProcessEligibleChannel2_2
TestProcessEligibleChannel2_2,RX6F,TestProcessEligibleChannel2_2
TestProcessEligibleChannel2_2,HA84,TestProcessEligibleChannel2_2
TestProcessEligibleChannel2_2,CXDR,TestProcessEligibleChannel2_2
TestProcessEligibleChannel2_2,TTLN,TestProcessEligibleChannel2_2
TestProcessEligibleChannel2_2,VC7T,TestProcessEligibleChannel2_2
TestProcessEligibleChannel2_2,JZN4,TestProcessEligibleChannel2_2
TestProcessEligibleChannel2_2,6KQ6,TestProcessEligibleChannel2_2
TestProcessEligibleChannel2_2,HCGT,TestProcessEligibleChannel2_2
TestProcessEligibleChannel2_2,L2ZB,TestProcessEligibleChannel2_2
TestProcessEligibleChannel2_2,QV2N,TestProcessEligibleChannel2_2
TestProcessEligibleChannel2_2,TZJY,TestProcessEligibleChannel2_2
TestProcessEligibleChannel2_2,983M,TestProcessEligibleChannel2_2
TestProcessEligibleChannel2_2,VW3Q,TestProcessEligibleChannel2_2
TestProcessEligibleChannel2_2,QPM3,TestProcessEligibleChannel2_2
TestProcessEligibleChannel2_2,G4CY,TestProcessEligibleChannel2_2
TestProcessEligibleChannel2_2,WWNH,TestProcessEligibleChannel2_2
TestProcessEligibleChannel2_2,8J8X,TestProcessEligibleChannel2_2
TestProcessEligibleChannel2_2,TXYV,TestProcessEligibleChannel2_2
TestProcessEligibleChannel2_2,6GD2,TestProcessEligibleChannel2_2
TestProcessEligibleChannel2_2,F3YP,TestProcessEligibleChannel2_2
TestProcessEligibleChannel2_2,MZZK,TestProcessEligibleChannel2_2
TestProcessEligibleChannel2_2,ETCD,TestProcessEligibleChannel2_2
TestProcessEligibleChannel2_2,KFGN,TestProcessEligibleChannel2_2
TestProcessEligibleChannel2_2,4329,TestProcessEligibleChannel2_2
TestProcessEligibleChannel2_2,DBGD,TestProcessEligibleChannel2_2
TestProcessEligibleChannel2_2,WMAP,TestProcessEligibleChannel2_2
TestProcessEligibleChannel2_2,9W8X,TestProcessEligibleChannel2_2
TestProcessEligibleChannel2_2,94NN,TestProcessEligibleChannel2_2
TestProcessEligibleChannel2_2,DE9P,TestProcessEligibleChannel2_2
TestProcessEligibleChannel2_2,EX43,TestProcessEligibleChannel2_2
TestProcessEligibleChannel2_2,EGTV,TestProcessEligibleChannel2_2
TestProcessEligibleChannel2_2,W8K6,TestProcessEligibleChannel2_2
TestProcessEligibleChannel2_2,KT4D,TestProcessEligibleChannel2_2
TestProcessEligibleChannel2_2,NQFQ,TestProcessEligibleChannel2_2
TestProcessEligibleChannel2_2,FY83,TestProcessEligibleChannel2_2
TestProcessEligibleChannel2_2,XEMH,TestProcessEligibleChannel2_2
TestProcessEligibleChannel2_2,XY7G,TestProcessEligibleChannel2_2
TestProcessEligibleChannel2_2,PJQ8,TestProcessEligibleChannel2_2
TestProcessEligibleChannel2_2,DN2Z,TestProcessEligibleChannel2_2
TestProcessEligibleChannel2_2,6AE7,TestProcessEligibleChannel2_2
TestProcessEligibleChannel2_2,V2DB,TestProcessEligibleChannel2_2
TestProcessEligibleChannel2_2,T826,TestProcessEligibleChannel2_2
TestProcessEligibleChannel2_2,YWW6,TestProcessEligibleChannel2_2
TestProcessEligibleChannel2_2,NAY6,TestProcessEligibleChannel2_2
TestProcessEligibleChannel2_2,ERKD,TestProcessEligibleChannel2_2
TestProcessEligibleChannel2_2,39DE,TestProcessEligibleChannel2_2
TestProcessEligibleChannel2_2,PW6K,TestProcessEligibleChannel2_2
TestProcessEligibleChannel2_2,NFM8,TestProcessEligibleChannel2_2
TestProcessEligibleChannel2_2,T4W6,TestProcessEligibleChannel2_2
TestProcessEligibleChannel2_2,YZ8Z,TestProcessEligibleChannel2_2
TestProcessEligibleChannel2_2,7JCE,TestProcessEligibleChannel2_2
TestProcessEligibleChannel2_2,V839,TestProcessEligibleChannel2_2
TestProcessEligibleChannel2_2,366B,TestProcessEligibleChannel2_2
TestProcessEligibleChannel2_2,ZXA3,TestProcessEligibleChannel2_2
TestProcessEligibleChannel2_2,RH9J,TestProcessEligibleChannel2_2
TestProcessEligibleChannel2_2,H77G,TestProcessEligibleChannel2_2
TestProcessEligibleChannel2_2,QW9C,TestProcessEligibleChannel2_2
TestProcessEligibleChannel2_2,WYY8,TestProcessEligibleChannel2_2
TestProcessEligibleChannel2_2,48CJ,TestProcessEligibleChannel2_2
TestProcessEligibleChannel2_2,A4Z7,TestProcessEligibleChannel2_2
TestProcessEligibleChannel2_2,YB2Y,TestProcessEligibleChannel2_2
TestProcessEligibleChannel2_2,PBEW,TestProcessEligibleChannel2_2
TestProcessEligibleChannel2_2,XP4N,TestProcessEligibleChannel2_2
TestProcessEligibleChannel2_2,9N9N,TestProcessEligibleChannel2_2
TestProcessEligibleChannel2_2,GCV8,TestProcessEligibleChannel2_2
TestProcessEligibleChannel2_2,E8KN,TestProcessEligibleChannel2_2
TestProcessEligibleChannel2_2,DHXW,TestProcessEligibleChannel2_2
TestProcessEligibleChannel2_2,MAF9,TestProcessEligibleChannel2_2
TestProcessEligibleChannel2_2,D7JZ,TestProcessEligibleChannel2_2
TestProcessEligibleChannel2_2,7GRG,TestProcessEligibleChannel2_2
TestProcessEligibleChannel2_2,4JFP,TestProcessEligibleChannel2_2
TestProcessEligibleChannel2_2,HQDN,TestProcessEligibleChannel2_2
TestProcessEligibleChannel2_2,JXCV,TestProcessEligibleChannel2_2
TestProcessEligibleChannel2_2,CPYY,TestProcessEligibleChannel2_2
TestProcessEligibleChannel2_2,YAXQ,TestProcessEligibleChannel2_2
TestProcessEligibleChannel2_2,YKBX,TestProcessEligibleChannel2_2
TestProcessEligibleChannel2_2,B7HC,TestProcessEligibleChannel2_2
TestProcessEligibleChannel2_2,MJGW,TestProcessEligibleChannel2_2
TestProcessEligibleChannel2_2,HCG4,TestProcessEligibleChannel2_2
TestProcessEligibleChannel2_2,YH8E,TestProcessEligibleChannel2_2
TestProcessEligibleChannel2_2,RVEK,TestProcessEligibleChannel2_2
TestProcessEligibleChannel2_2,LK82,TestProcessEligibleChannel2_2
TestProcessEligibleChannel2_2,ZQQW,TestProcessEligibleChannel2_2
TestProcessEligibleChannel2_2,KEDW,TestProcessEligibleChannel2_2
TestProcessEligibleChannel2_2,C9ZC,TestProcessEligibleChannel2_2
TestProcessEligibleChannel2_2,D6QH,TestProcessEligibleChannel2_2
TestProcessEligibleChannel2_2,FK2H,TestProcessEligibleChannel2_2
TestProcessEligibleChannel2_2,4K33,TestProcessEligibleChannel2_2
TestProcessEligibleChannel2_2,AFEK,TestProcessEligibleChannel2_2
TestProcessEligibleChannel2_2,9XFP,TestProcessEligibleChannel2_2
TestProcessEligibleChannel2_2,E2FY,TestProcessEligibleChannel2_2
TestProcessEligibleChannel2_2,XLDK,TestProcessEligibleChannel2_2
TestProcessEligibleChannel2_2,LXQ6,TestProcessEligibleChannel2_2
TestProcessEligibleChannel2_2,LQGX,TestProcessEligibleChannel2_2
TestProcessEligibleChannel2_2,GC84,TestProcessEligibleChannel2_2
TestProcessEligibleChannel2_2,ZQZA,TestProcessEligibleChannel2_2
TestProcessEligibleChannel2_2,Y4EJ,TestProcessEligibleChannel2_2
TestProcessEligibleChannel2_2,BD87,TestProcessEligibleChannel2_2
TestProcessEligibleChannel2_2,PLKD,TestProcessEligibleChannel2_2
TestProcessEligibleChannel2_2,N6CY,TestProcessEligibleChannel2_2
TestProcessEligibleChannel2_2,8ZR6,TestProcessEligibleChannel2_2
TestProcessEligibleChannel2_2,9NPW,TestProcessEligibleChannel2_2
TestProcessEligibleChannel2_2,CVT9,TestProcessEligibleChannel2_2
TestProcessEligibleChannel2_2,REM9,TestProcessEligibleChannel2_2
TestProcessEligibleChannel2_2,3FPG,TestProcessEligibleChannel2_2
TestProcessEligibleChannel2_2,GLLT,TestProcessEligibleChannel2_2
TestProcessEligibleChannel2_2,6AQ8,TestProcessEligibleChannel2_2
TestProcessEligibleChannel2_2,MYCP,TestProcessEligibleChannel2_2
TestProcessEligibleChannel2_2,PKHW,TestProcessEligibleChannel2_2
TestProcessEligibleChannel2_2,V2WN,TestProcessEligibleChannel2_2
TestProcessEligibleChannel2_2,TXYD,TestProcessEligibleChannel2_2
TestProcessEligibleChannel2_2,3X2W,TestProcessEligibleChannel2_2
TestProcessEligibleChannel2_2,PWL4,TestProcessEligibleChannel2_2
TestProcessEligibleChannel2_2,3GWL,TestProcessEligibleChannel2_2
TestProcessEligibleChannel2_2,4PK4,TestProcessEligibleChannel2_2
TestProcessEligibleChannel2_2,6BFQ,TestProcessEligibleChannel2_2
TestProcessEligibleChannel2_2,9C9V,TestProcessEligibleChannel2_2
TestProcessEligibleChannel2_2,H2PL,TestProcessEligibleChannel2_2
TestProcessEligibleChannel2_2,A3A2,TestProcessEligibleChannel2_2
TestProcessEligibleChannel2_2,ALGD,TestProcessEligibleChannel2_2
TestProcessEligibleChannel2_2,M26Q,TestProcessEligibleChannel2_2
TestProcessEligibleChannel2_2,FW63,TestProcessEligibleChannel2_2
TestProcessEligibleChannel2_2,V8JA,TestProcessEligibleChannel2_2
TestProcessEligibleChannel2_2,394R,TestProcessEligibleChannel2_2
TestProcessEligibleChannel2_2,PBV4,TestProcessEligibleChannel2_2
TestProcessEligibleChannel2_2,ACGK,TestProcessEligibleChannel2_2
TestProcessEligibleChannel2_2,NZTW,TestProcessEligibleChannel2_2
TestProcessEligibleChannel2_2,2NC9,TestProcessEligibleChannel2_2
TestProcessEligibleChannel2_2,WVN4,TestProcessEligibleChannel2_2
TestProcessEligibleChannel2_2,9EQV,TestProcessEligibleChannel2_2
TestProcessEligibleChannel2_2,P3C7,TestProcessEligibleChannel2_2
TestProcessEligibleChannel2_2,TQDJ,TestProcessEligibleChannel2_2
TestProcessEligibleChannel2_2,279C,TestProcessEligibleChannel2_2
TestProcessEligibleChannel2_2,NDBX,TestProcessEligibleChannel2_2
TestProcessEligibleChannel2_2,7CJF,TestProcessEligibleChannel2_2
TestProcessEligibleChannel2_2,37DH,TestProcessEligibleChannel2_2
TestProcessEligibleChannel2_2,NJT2,TestProcessEligibleChannel2_2
TestProcessEligibleChannel2_2,9K92,TestProcessEligibleChannel2_2
TestProcessEligibleChannel2_2,VYAR,TestProcessEligibleChannel2_2
TestProcessEligibleChannel2_2,PX4C,TestProcessEligibleChannel2_2
TestProcessEligibleChannel2_2,C7NF,TestProcessEligibleChannel2_2
TestProcessEligibleChannel2_2,84PT,TestProcessEligibleChannel2_2
TestProcessEligibleChannel2_2,NM63,TestProcessEligibleChannel2_2
TestProcessEligibleChannel2_2,YQWY,TestProcessEligibleChannel2_2
TestProcessEligibleChannel2_2,4RCV,TestProcessEligibleChannel2_2
TestProcessEligibleChannel2_2,YWTZ,TestProcessEligibleChannel2_2
TestProcessEligibleChannel2_2,ZB7Q,TestProcessEligibleChannel2_2
TestProcessEligibleChannel2_2,6YDT,TestProcessEligibleChannel2_2
TestProcessEligibleChannel2_2,W7ZW,TestProcessEligibleChannel2_2
TestProcessEligibleChannel2_2,28HZ,TestProcessEligibleChannel2_2
TestProcessEligibleChannel2_2,AP7H,TestProcessEligibleChannel2_2
TestProcessEligibleChannel2_2,GHBF,TestProcessEligibleChannel2_2
TestProcessEligibleChannel2_2,ATCJ,TestProcessEligibleChannel2_2
TestProcessEligibleChannel2_2,DHRW,TestProcessEligibleChannel2_2
TestProcessEligibleChannel2_2,RCJQ,TestProcessEligibleChannel2_2
TestProcessEligibleChannel2_2,BWQN,TestProcessEligibleChannel2_2
TestProcessEligibleChannel2_2,EBW8,TestProcessEligibleChannel2_2
TestProcessEligibleChannel2_2,WW6A,TestProcessEligibleChannel2_2
TestProcessEligibleChannel2_2,34Z3,TestProcessEligibleChannel2_2
TestProcessEligibleChannel2_2,4YK3,TestProcessEligibleChannel2_2
TestProcessEligibleChannel2_2,PV3E,TestProcessEligibleChannel2_2
TestProcessEligibleChannel2_2,47F3,TestProcessEligibleChannel2_2
TestProcessEligibleChannel2_2,NZWF,TestProcessEligibleChannel2_2
TestProcessEligibleChannel2_2,9X6G,TestProcessEligibleChannel2_2
TestProcessEligibleChannel2_2,YQKX,TestProcessEligibleChannel2_2
TestProcessEligibleChannel2_2,Y4MN,TestProcessEligibleChannel2_2
TestProcessEligibleChannel2_2,B6CT,TestProcessEligibleChannel2_2
TestProcessEligibleChannel2_2,7TEJ,TestProcessEligibleChannel2_2
TestProcessEligibleChannel2_2,TXAK,TestProcessEligibleChannel2_2
TestProcessEligibleChannel2_2,CH3E,TestProcessEligibleChannel2_2
TestProcessEligibleChannel2_2,ZLC2,TestProcessEligibleChannel2_2
TestProcessEligibleChannel2_2,7YH8,TestProcessEligibleChannel2_2
TestProcessEligibleChannel2_2,9LDQ,TestProcessEligibleChannel2_2
TestProcessEligibleChannel2_2,K8YN,TestProcessEligibleChannel2_2
TestProcessEligibleChannel2_2,GWAZ,TestProcessEligibleChannel2_2
TestProcessEligibleChannel2_2,BVCN,TestProcessEligibleChannel2_2
TestProcessEligibleChannel2_2,4937,TestProcessEligibleChannel2_2
TestProcessEligibleChannel2_2,RT6Z,TestProcessEligibleChannel2_2
TestProcessEligibleChannel2_2,7MQM,TestProcessEligibleChannel2_2
TestProcessEligibleChannel2_2,EWCT,TestProcessEligibleChannel2_2
TestProcessEligibleChannel2_2,93K3,TestProcessEligibleChannel2_2
TestProcessEligibleChannel2_2,N9MZ,TestProcessEligibleChannel2_2
TestProcessEligibleChannel2_2,RZR4,TestProcessEligibleChannel2_2
TestProcessEligibleChannel2_2,RDB4,TestProcessEligibleChannel2_2
TestProcessEligibleChannel2_2,ATAW,TestProcessEligibleChannel2_2
TestProcessEligibleChannel2_2,YT9N,TestProcessEligibleChannel2_2
TestProcessEligibleChannel2_2,RMFA,TestProcessEligibleChannel2_2
TestProcessEligibleChannel2_2,66H8,TestProcessEligibleChannel2_2
TestProcessEligibleChannel2_2,LK8V,TestProcessEligibleChannel2_2
TestProcessEligibleChannel2_2,BVJF,TestProcessEligibleChannel2_2
TestProcessEligibleChannel2_2,WADE,TestProcessEligibleChannel2_2
TestProcessEligibleChannel2_2,BBQW,TestProcessEligibleChannel2_2
TestProcessEligibleChannel2_2,4PJD,TestProcessEligibleChannel2_2
TestProcessEligibleChannel2_2,ZLA9,TestProcessEligibleChannel2_2
TestProcessEligibleChannel2_2,CKKR,TestProcessEligibleChannel2_2
TestProcessEligibleChannel2_2,PGGQ,TestProcessEligibleChannel2_2
TestProcessEligibleChannel2_2,YNNV,TestProcessEligibleChannel2_2
TestProcessEligibleChannel2_2,LLGZ,TestProcessEligibleChannel2_2
TestProcessEligibleChannel2_2,KQBX,TestProcessEligibleChannel2_2
TestProcessEligibleChannel2_2,2K7J,TestProcessEligibleChannel2_2
TestProcessEligibleChannel2_2,XAZT,TestProcessEligibleChannel2_2
TestProcessEligibleChannel2_2,ZEHQ,TestProcessEligibleChannel2_2
TestProcessEligibleChannel2_2,P8AP,TestProcessEligibleChannel2_2
TestProcessEligibleChannel2_2,MTXH,TestProcessEligibleChannel2_2
TestProcessEligibleChannel2_2,YA6T,TestProcessEligibleChannel2_2
TestProcessEligibleChannel2_2,JZ6F,TestProcessEligibleChannel2_2
TestProcessEligibleChannel2_2,MVQ6,TestProcessEligibleChannel2_2
TestProcessEligibleChannel2_2,VBPP,TestProcessEligibleChannel2_2
TestProcessEligibleChannel2_2,NDLK,TestProcessEligibleChannel2_2
TestProcessEligibleChannel2_2,QN6A,TestProcessEligibleChannel2_2
TestProcessEligibleChannel2_2,9YM2,TestProcessEligibleChannel2_2
TestProcessEligibleChannel2_2,7K8F,TestProcessEligibleChannel2_2
TestProcessEligibleChannel2_2,PJDJ,TestProcessEligibleChannel2_2
TestProcessEligibleChannel2_2,A8P3,TestProcessEligibleChannel2_2
TestProcessEligibleChannel2_2,BMQJ,TestProcessEligibleChannel2_2
TestProcessEligibleChannel2_2,JQLG,TestProcessEligibleChannel2_2
TestProcessEligibleChannel2_2,4Y4W,TestProcessEligibleChannel2_2
TestProcessEligibleChannel2_2,4VFZ,TestProcessEligibleChannel2_2
TestProcessEligibleChannel2_2,6R3D,TestProcessEligibleChannel2_2
TestProcessEligibleChannel2_2,BC8B,TestProcessEligibleChannel2_2
TestProcessEligibleChannel2_2,A9WQ,TestProcessEligibleChannel2_2
TestProcessEligibleChannel2_2,YYLA,TestProcessEligibleChannel2_2
TestProcessEligibleChannel2_2,4YF8,TestProcessEligibleChannel2_2
TestProcessEligibleChannel2_2,7CVN,TestProcessEligibleChannel2_2
TestProcessEligibleChannel2_2,2Y68,TestProcessEligibleChannel2_2
TestProcessEligibleChannel2_2,PTC7,TestProcessEligibleChannel2_2
TestProcessEligibleChannel2_2,MFCH,TestProcessEligibleChannel2_2
TestProcessEligibleChannel2_2,9VHR,TestProcessEligibleChannel2_2
TestProcessEligibleChannel2_2,6R32,TestProcessEligibleChannel2_2
TestProcessEligibleChannel2_2,PW8Q,TestProcessEligibleChannel2_2
TestProcessEligibleChannel2_2,GBXG,TestProcessEligibleChannel2_2
TestProcessEligibleChannel2_2,M2E3,TestProcessEligibleChannel2_2
TestProcessEligibleChannel2_2,QYFB,TestProcessEligibleChannel2_2
TestProcessEligibleChannel2_2,AMQ4,TestProcessEligibleChannel2_2
TestProcessEligibleChannel2_2,X4WA,TestProcessEligibleChannel2_2
TestProcessEligibleChannel2_2,4W8G,TestProcessEligibleChannel2_2
TestProcessEligibleChannel2_2,LDPC,TestProcessEligibleChannel2_2
TestProcessEligibleChannel2_2,RBND,TestProcessEligibleChannel2_2
TestProcessEligibleChannel2_2,9QJM,TestProcessEligibleChannel2_2
TestProcessEligibleChannel2_2,9CHK,TestProcessEligibleChannel2_2
TestProcessEligibleChannel2_2,AZKW,TestProcessEligibleChannel2_2
TestProcessEligibleChannel2_2,T6EF,TestProcessEligibleChannel2_2
TestProcessEligibleChannel2_2,QLG9,TestProcessEligibleChannel2_2
TestProcessEligibleChannel2_2,4E3C,TestProcessEligibleChannel2_2
TestProcessEligibleChannel2_2,2HD7,TestProcessEligibleChannel2_2
TestProcessEligibleChannel2_2,JKHF,TestProcessEligibleChannel2_2
TestProcessEligibleChannel2_2,89QZ,TestProcessEligibleChannel2_2
TestProcessEligibleChannel2_2,RGNJ,TestProcessEligibleChannel2_2
TestProcessEligibleChannel2_2,J944,TestProcessEligibleChannel2_2
TestProcessEligibleChannel2_2,RK4K,TestProcessEligibleChannel2_2
TestProcessEligibleChannel2_2,KHZ3,TestProcessEligibleChannel2_2
TestProcessEligibleChannel2_2,HDYV,TestProcessEligibleChannel2_2
TestProcessEligibleChannel2_2,49AC,TestProcessEligibleChannel2_2
TestProcessEligibleChannel2_2,736P,TestProcessEligibleChannel2_2
TestProcessEligibleChannel2_2,7CDC,TestProcessEligibleChannel2_2
TestProcessEligibleChannel2_2,KEQT,TestProcessEligibleChannel2_2
TestProcessEligibleChannel2_2,VT8X,TestProcessEligibleChannel2_2
TestProcessEligibleChannel2_2,DYZX,TestProcessEligibleChannel2_2
TestProcessEligibleChannel2_2,8432,TestProcessEligibleChannel2_2
TestProcessEligibleChannel2_2,H2BV,TestProcessEligibleChannel2_2
TestProcessEligibleChannel2_2,A88Q,TestProcessEligibleChannel2_2
TestProcessEligibleChannel2_2,GZRT,TestProcessEligibleChannel2_2
TestProcessEligibleChannel2_2,EMAB,TestProcessEligibleChannel2_2
TestProcessEligibleChannel2_2,89HM,TestProcessEligibleChannel2_2
TestProcessEligibleChannel2_2,JMXX,TestProcessEligibleChannel2_2
TestProcessEligibleChannel2_2,GEK6,TestProcessEligibleChannel2_2
TestProcessEligibleChannel2_2,CBCG,TestProcessEligibleChannel2_2
TestProcessEligibleChannel2_2,NEKW,TestProcessEligibleChannel2_2
TestProcessEligibleChannel2_2,H96Q,TestProcessEligibleChannel2_2
TestProcessEligibleChannel2_2,3HMP,TestProcessEligibleChannel2_2
TestProcessEligibleChannel2_2,A8YC,TestProcessEligibleChannel2_2
TestProcessEligibleChannel2_2,JGH3,TestProcessEligibleChannel2_2
TestProcessEligibleChannel2_2,WY9J,TestProcessEligibleChannel2_2
TestProcessEligibleChannel2_2,CL6K,TestProcessEligibleChannel2_2
TestProcessEligibleChannel2_2,3EWT,TestProcessEligibleChannel2_2
TestProcessEligibleChannel2_2,H2G4,TestProcessEligibleChannel2_2
TestProcessEligibleChannel2_2,VL2P,TestProcessEligibleChannel2_2
TestProcessEligibleChannel2_2,VWK8,TestProcessEligibleChannel2_2
TestProcessEligibleChannel2_2,FTEC,TestProcessEligibleChannel2_2
TestProcessEligibleChannel2_2,CBYQ,TestProcessEligibleChannel2_2
TestProcessEligibleChannel2_2,JD9L,TestProcessEligibleChannel2_2
TestProcessEligibleChannel2_2,X828,TestProcessEligibleChannel2_2
TestProcessEligibleChannel2_2,CGNK,TestProcessEligibleChannel2_2
TestProcessEligibleChannel2_2,NCAT,TestProcessEligibleChannel2_2
TestProcessEligibleChannel2_2,3EVV,TestProcessEligibleChannel2_2
TestProcessEligibleChannel2_2,7LNZ,TestProcessEligibleChannel2_2
TestProcessEligibleChannel2_2,3X4J,TestProcessEligibleChannel2_2
TestProcessEligibleChannel2_2,9HXQ,TestProcessEligibleChannel2_2
TestProcessEligibleChannel2_2,F7H4,TestProcessEligibleChannel2_2
TestProcessEligibleChannel2_2,CVVH,TestProcessEligibleChannel2_2
TestProcessEligibleChannel2_2,4VHM,TestProcessEligibleChannel2_2
TestProcessEligibleChannel2_2,B2ZA,TestProcessEligibleChannel2_2
TestProcessEligibleChannel2_2,RVHQ,TestProcessEligibleChannel2_2
TestProcessEligibleChannel2_2,RBFW,TestProcessEligibleChannel2_2
TestProcessEligibleChannel2_2,7TDW,TestProcessEligibleChannel2_2
TestProcessEligibleChannel2_2,BWJR,TestProcessEligibleChannel2_2
TestProcessEligibleChannel2_2,RZPK,TestProcessEligibleChannel2_2
TestProcessEligibleChannel2_2,RJKG,TestProcessEligibleChannel2_2
TestProcessEligibleChannel2_2,G6Q4,TestProcessEligibleChannel2_2
TestProcessEligibleChannel2_2,WRYA,TestProcessEligibleChannel2_2
TestProcessEligibleChannel2_2,YC2C,TestProcessEligibleChannel2_2
TestProcessEligibleChannel2_2,DGTP,TestProcessEligibleChannel2_2
TestProcessEligibleChannel2_2,3KDM,TestProcessEligibleChannel2_2
TestProcessEligibleChannel2_2,BEVC,TestProcessEligibleChannel2_2
TestProcessEligibleChannel2_2,WN2T,TestProcessEligibleChannel2_2
TestProcessEligibleChannel2_2,PBQQ,TestProcessEligibleChannel2_2
TestProcessEligibleChannel2_2,VJFD,TestProcessEligibleChannel2_2
TestProcessEligibleChannel2_2,D3VA,TestProcessEligibleChannel2_2
TestProcessEligibleChannel2_2,THLP,TestProcessEligibleChannel2_2
TestProcessEligibleChannel2_2,J6JZ,TestProcessEligibleChannel2_2
TestProcessEligibleChannel2_2,286H,TestProcessEligibleChannel2_2
TestProcessEligibleChannel2_2,VD7K,TestProcessEligibleChannel2_2
TestProcessEligibleChannel2_2,LC8Y,TestProcessEligibleChannel2_2
TestProcessEligibleChannel2_2,NFM4,TestProcessEligibleChannel2_2
TestProcessEligibleChannel2_2,3RN4,TestProcessEligibleChannel2_2
TestProcessEligibleChannel2_2,FCP4,TestProcessEligibleChannel2_2
TestProcessEligibleChannel2_2,HPL7,TestProcessEligibleChannel2_2
TestProcessEligibleChannel2_2,CJE6,TestProcessEligibleChannel2_2
TestProcessEligibleChannel2_2,BKRN,TestProcessEligibleChannel2_2
TestProcessEligibleChannel2_2,AVD8,TestProcessEligibleChannel2_2
TestProcessEligibleChannel2_2,2ZEJ,TestProcessEligibleChannel2_2
TestProcessEligibleChannel2_2,FANG,TestProcessEligibleChannel2_2
TestProcessEligibleChannel2_2,ZGX3,TestProcessEligibleChannel2_2
TestProcessEligibleChannel2_2,NWMV,TestProcessEligibleChannel2_2
TestProcessEligibleChannel2_2,22K7,TestProcessEligibleChannel2_2
TestProcessEligibleChannel2_2,PVEV,TestProcessEligibleChannel2_2
TestProcessEligibleChannel2_2,MHBR,TestProcessEligibleChannel2_2
TestProcessEligibleChannel2_2,D6GA,TestProcessEligibleChannel2_2
TestProcessEligibleChannel2_2,WDCZ,TestProcessEligibleChannel2_2
TestProcessEligibleChannel2_2,W2XT,TestProcessEligibleChannel2_2
TestProcessEligibleChannel2_2,9NVW,TestProcessEligibleChannel2_2
TestProcessEligibleChannel2_2,XLTE,TestProcessEligibleChannel2_2
TestProcessEligibleChannel2_2,RJX8,TestProcessEligibleChannel2_2
TestProcessEligibleChannel2_2,BNBN,TestProcessEligibleChannel2_2
TestProcessEligibleChannel2_2,LVW8,TestProcessEligibleChannel2_2
TestProcessEligibleChannel2_2,TWFE,TestProcessEligibleChannel2_2
TestProcessEligibleChannel2_2,G44T,TestProcessEligibleChannel2_2
TestProcessEligibleChannel2_2,AV24,TestProcessEligibleChannel2_2
TestProcessEligibleChannel2_2,EME6,TestProcessEligibleChannel2_2
TestProcessEligibleChannel2_2,BQ68,TestProcessEligibleChannel2_2
TestProcessEligibleChannel2_2,GJLG,TestProcessEligibleChannel2_2
TestProcessEligibleChannel2_2,9EEX,TestProcessEligibleChannel2_2
TestProcessEligibleChannel2_2,KZ98,TestProcessEligibleChannel2_2
TestProcessEligibleChannel2_2,FQDP,TestProcessEligibleChannel2_2
TestProcessEligibleChannel2_2,FL9C,TestProcessEligibleChannel2_2
TestProcessEligibleChannel2_2,HZ8N,TestProcessEligibleChannel2_2
TestProcessEligibleChannel2_2,LBQX,TestProcessEligibleChannel2_2
TestProcessEligibleChannel2_2,3PNK,TestProcessEligibleChannel2_2
TestProcessEligibleChannel2_2,PMX3,TestProcessEligibleChannel2_2
TestProcessEligibleChannel2_2,74L4,TestProcessEligibleChannel2_2
TestProcessEligibleChannel2_2,ZXF2,TestProcessEligibleChannel2_2
TestProcessEligibleChannel2_2,H6DK,TestProcessEligibleChannel2_2
TestProcessEligibleChannel2_2,39NE,TestProcessEligibleChannel2_2
TestProcessEligibleChannel2_2,HPP2,TestProcessEligibleChannel2_2
TestProcessEligibleChannel2_2,ZNB7,TestProcessEligibleChannel2_2
TestProcessEligibleChannel2_2,44YT,TestProcessEligibleChannel2_2
TestProcessEligibleChannel2_2,HXTD,TestProcessEligibleChannel2_2
TestProcessEligibleChannel2_2,DXXG,TestProcessEligibleChannel2_2
TestProcessEligibleChannel2_2,AJ9E,TestProcessEligibleChannel2_2
TestProcessEligibleChannel2_2,ZRBF,TestProcessEligibleChannel2_2
TestProcessEligibleChannel2_2,LLNC,TestProcessEligibleChannel2_2
TestProcessEligibleChannel2_2,HCRE,TestProcessEligibleChannel2_2
TestProcessEligibleChannel2_2,YTPG,TestProcessEligibleChannel2_2
TestProcessEligibleChannel2_2,EPNY,TestProcessEligibleChannel2_2
TestProcessEligibleChannel2_2,Q4LD,TestProcessEligibleChannel2_2
TestProcessEligibleChannel2_2,L4K2,TestProcessEligibleChannel2_2
TestProcessEligibleChannel2_2,KCNN,TestProcessEligibleChannel2_2
TestProcessEligibleChannel2_2,R8GT,TestProcessEligibleChannel2_2
TestProcessEligibleChannel2_2,AACE,TestProcessEligibleChannel2_2
TestProcessEligibleChannel2_2,TLVF,TestProcessEligibleChannel2_2
TestProcessEligibleChannel2_2,44KX,TestProcessEligibleChannel2_2
TestProcessEligibleChannel2_2,3N49,TestProcessEligibleChannel2_2
TestProcessEligibleChannel2_2,K3JF,TestProcessEligibleChannel2_2
TestProcessEligibleChannel2_2,ZHPH,TestProcessEligibleChannel2_2
TestProcessEligibleChannel2_2,JVYF,TestProcessEligibleChannel2_2
TestProcessEligibleChannel2_2,KKJK,TestProcessEligibleChannel2_2
TestProcessEligibleChannel2_2,DAXX,TestProcessEligibleChannel2_2
TestProcessEligibleChannel2_2,TL8Y,TestProcessEligibleChannel2_2
TestProcessEligibleChannel2_2,ETQV,TestProcessEligibleChannel2_2
TestProcessEligibleChannel2_2,BFJ7,TestProcessEligibleChannel2_2
TestProcessEligibleChannel2_2,AB7P,TestProcessEligibleChannel2_2
TestProcessEligibleChannel2_2,98BM,TestProcessEligibleChannel2_2
TestProcessEligibleChannel2_2,FW4R,TestProcessEligibleChannel2_2
TestProcessEligibleChannel2_2,7HE9,TestProcessEligibleChannel2_2
TestProcessEligibleChannel2_2,BHC6,TestProcessEligibleChannel2_2
TestProcessEligibleChannel2_2,PLHT,TestProcessEligibleChannel2_2
TestProcessEligibleChannel2_2,A8WQ,TestProcessEligibleChannel2_2
TestProcessEligibleChannel2_2,3J3N,TestProcessEligibleChannel2_2
TestProcessEligibleChannel2_2,92YK,TestProcessEligibleChannel2_2
TestProcessEligibleChannel2_2,3ZPF,TestProcessEligibleChannel2_2
TestProcessEligibleChannel2_2,JHNP,TestProcessEligibleChannel2_2
TestProcessEligibleChannel2_2,FLVT,TestProcessEligibleChannel2_2
TestProcessEligibleChannel2_2,TZHJ,TestProcessEligibleChannel2_2
TestProcessEligibleChannel2_2,DYB2,TestProcessEligibleChannel2_2
TestProcessEligibleChannel2_2,MQND,TestProcessEligibleChannel2_2
TestProcessEligibleChannel2_2,MG7H,TestProcessEligibleChannel2_2
TestProcessEligibleChannel2_2,9MJ4,TestProcessEligibleChannel2_2
TestProcessEligibleChannel2_2,8CJT,TestProcessEligibleChannel2_2
TestProcessEligibleChannel2_2,FRPP,TestProcessEligibleChannel2_2
TestProcessEligibleChannel2_2,9Z7Z,TestProcessEligibleChannel2_2
TestProcessEligibleChannel2_2,49X3,TestProcessEligibleChannel2_2
TestProcessEligibleChannel2_2,TVJK,TestProcessEligibleChannel2_2
TestProcessEligibleChannel2_2,D72A,TestProcessEligibleChannel2_2
TestProcessEligibleChannel2_2,V9QK,TestProcessEligibleChannel2_2
TestProcessEligibleChannel2_2,DYG6,TestProcessEligibleChannel2_2
TestProcessEligibleChannel2_2,E8V4,TestProcessEligibleChannel2_2
TestProcessEligibleChannel2_2,8HBL,TestProcessEligibleChannel2_2
TestProcessEligibleChannel2_2,6MX3,TestProcessEligibleChannel2_2
TestProcessEligibleChannel2_2,FQCD,TestProcessEligibleChannel2_2
TestProcessEligibleChannel2_2,JLF2,TestProcessEligibleChannel2_2
TestProcessEligibleChannel2_2,MVN2,TestProcessEligibleChannel2_2
TestProcessEligibleChannel2_2,C93E,TestProcessEligibleChannel2_2
TestProcessEligibleChannel2_2,7QDN,TestProcessEligibleChannel2_2
TestProcessEligibleChannel2_2,KKC4,TestProcessEligibleChannel2_2
TestProcessEligibleChannel2_2,9ZNB,TestProcessEligibleChannel2_2
TestProcessEligibleChannel2_2,AAKB,TestProcessEligibleChannel2_2
TestProcessEligibleChannel2_2,K8JJ,TestProcessEligibleChannel2_2
TestProcessEligibleChannel2_2,K6QH,TestProcessEligibleChannel2_2
TestProcessEligibleChannel2_2,VLLC,TestProcessEligibleChannel2_2
TestProcessEligibleChannel2_2,CBCP,TestProcessEligibleChannel2_2
TestProcessEligibleChannel2_2,QY4Z,TestProcessEligibleChannel2_2
TestProcessEligibleChannel2_2,TAQQ,TestProcessEligibleChannel2_2
TestProcessEligibleChannel2_2,32MZ,TestProcessEligibleChannel2_2
TestProcessEligibleChannel2_2,8Z36,TestProcessEligibleChannel2_2
TestProcessEligibleChannel2_2,KE4G,TestProcessEligibleChannel2_2
TestProcessEligibleChannel2_2,CWCE,TestProcessEligibleChannel2_2
TestProcessEligibleChannel2_2,QGRK,TestProcessEligibleChannel2_2
TestProcessEligibleChannel2_2,MTBT,TestProcessEligibleChannel2_2
TestProcessEligibleChannel2_2,PJQ4,TestProcessEligibleChannel2_2
TestProcessEligibleChannel2_2,PAEK,TestProcessEligibleChannel2_2
TestProcessEligibleChannel2_2,ZT8K,TestProcessEligibleChannel2_2
TestProcessEligibleChannel2_2,B426,TestProcessEligibleChannel2_2
TestProcessEligibleChannel2_2,MQVG,TestProcessEligibleChannel2_2
TestProcessEligibleChannel2_2,C2GN,TestProcessEligibleChannel2_2
TestProcessEligibleChannel2_2,4QVY,TestProcessEligibleChannel2_2
TestProcessEligibleChannel2_2,N9GW,TestProcessEligibleChannel2_2
TestProcessEligibleChannel2_2,4PCJ,TestProcessEligibleChannel2_2
TestProcessEligibleChannel2_2,QY22,TestProcessEligibleChannel2_2
TestProcessEligibleChannel2_2,PMN8,TestProcessEligibleChannel2_2
TestProcessEligibleChannel2_2,VQ9R,TestProcessEligibleChannel2_2
TestProcessEligibleChannel2_2,T6TL,TestProcessEligibleChannel2_2
TestProcessEligibleChannel2_2,8HB4,TestProcessEligibleChannel2_2
TestProcessEligibleChannel2_2,6VF9,TestProcessEligibleChannel2_2
TestProcessEligibleChannel2_2,V93Y,TestProcessEligibleChannel2_2
TestProcessEligibleChannel2_2,MGZL,TestProcessEligibleChannel2_2
TestProcessEligibleChannel2_2,D79B,TestProcessEligibleChannel2_2
TestProcessEligibleChannel2_2,3F93,TestProcessEligibleChannel2_2
TestProcessEligibleChannel2_2,X24Y,TestProcessEligibleChannel2_2
TestProcessEligibleChannel2_2,XFZL,TestProcessEligibleChannel2_2
TestProcessEligibleChannel2_2,BEJ7,TestProcessEligibleChannel2_2
TestProcessEligibleChannel2_2,HW84,TestProcessEligibleChannel2_2
TestProcessEligibleChannel2_2,MTZ8,TestProcessEligibleChannel2_2
TestProcessEligibleChannel2_2,Z33L,TestProcessEligibleChannel2_2
TestProcessEligibleChannel2_2,N8E7,TestProcessEligibleChannel2_2
TestProcessEligibleChannel2_2,JBFC,TestProcessEligibleChannel2_2
TestProcessEligibleChannel2_2,V96T,TestProcessEligibleChannel2_2
TestProcessEligibleChannel2_2,AFV9,TestProcessEligibleChannel2_2
TestProcessEligibleChannel2_2,RFGC,TestProcessEligibleChannel2_2
TestProcessEligibleChannel2_2,K6Y8,TestProcessEligibleChannel2_2
TestProcessEligibleChannel2_2,RV48,TestProcessEligibleChannel2_2
TestProcessEligibleChannel2_2,F764,TestProcessEligibleChannel2_2
TestProcessEligibleChannel2_2,8PEA,TestProcessEligibleChannel2_2
TestProcessEligibleChannel2_2,7DKE,TestProcessEligibleChannel2_2
TestProcessEligibleChannel2_2,7BEX,TestProcessEligibleChannel2_2
TestProcessEligibleChannel2_2,3PGD,TestProcessEligibleChannel2_2
TestProcessEligibleChannel2_2,TYJD,TestProcessEligibleChannel2_2
TestProcessEligibleChannel2_2,NEF3,TestProcessEligibleChannel2_2
TestProcessEligibleChannel2_2,KBA2,TestProcessEligibleChannel2_2
TestProcessEligibleChannel2_2,C4Q4,TestProcessEligibleChannel2_2
TestProcessEligibleChannel2_2,JMBW,TestProcessEligibleChannel2_2
TestProcessEligibleChannel2_2,XGPQ,TestProcessEligibleChannel2_2
TestProcessEligibleChannel2_2,BYDE,TestProcessEligibleChannel2_2
TestProcessEligibleChannel2_2,LLW6,TestProcessEligibleChannel2_2
TestProcessEligibleChannel2_2,AHLX,TestProcessEligibleChannel2_2
TestProcessEligibleChannel2_2,TKFT,TestProcessEligibleChannel2_2
TestProcessEligibleChannel2_2,RJTW,TestProcessEligibleChannel2_2
TestProcessEligibleChannel2_2,KYDY,TestProcessEligibleChannel2_2
TestProcessEligibleChannel2_2,2XPB,TestProcessEligibleChannel2_2
TestProcessEligibleChannel2_2,KJV3,TestProcessEligibleChannel2_2
TestProcessEligibleChannel2_2,JG9F,TestProcessEligibleChannel2_2
TestProcessEligibleChannel2_2,93JE,TestProcessEligibleChannel2_2
TestProcessEligibleChannel2_2,PVD6,TestProcessEligibleChannel2_2
TestProcessEligibleChannel2_2,7DKM,TestProcessEligibleChannel2_2
TestProcessEligibleChannel2_2,3DXR,TestProcessEligibleChannel2_2
TestProcessEligibleChannel2_2,GDLX,TestProcessEligibleChannel2_2
TestProcessEligibleChannel2_2,ER6Z,TestProcessEligibleChannel2_2
TestProcessEligibleChannel2_2,YV2J,TestProcessEligibleChannel2_2
TestProcessEligibleChannel2_2,KXP8,TestProcessEligibleChannel2_2
TestProcessEligibleChannel2_2,X94Q,TestProcessEligibleChannel2_2
TestProcessEligibleChannel2_2,8LKK,TestProcessEligibleChannel2_2
TestProcessEligibleChannel2_2,N4LE,TestProcessEligibleChannel2_2
TestProcessEligibleChannel2_2,ZK2E,TestProcessEligibleChannel2_2
TestProcessEligibleChannel2_2,8FQP,TestProcessEligibleChannel2_2
TestProcessEligibleChannel2_2,RWRP,TestProcessEligibleChannel2_2
TestProcessEligibleChannel2_2,RAMG,TestProcessEligibleChannel2_2
TestProcessEligibleChannel2_2,MKVX,TestProcessEligibleChannel2_2
TestProcessEligibleChannel2_2,PHPZ,TestProcessEligibleChannel2_2
TestProcessEligibleChannel2_2,KZCA,TestProcessEligibleChannel2_2
TestProcessEligibleChannel2_2,JQD7,TestProcessEligibleChannel2_2
TestProcessEligibleChannel2_2,XFD6,TestProcessEligibleChannel2_2
TestProcessEligibleChannel2_2,2GR9,TestProcessEligibleChannel2_2
TestProcessEligibleChannel2_2,J6AQ,TestProcessEligibleChannel2_2
TestProcessEligibleChannel2_2,D7RW,TestProcessEligibleChannel2_2
TestProcessEligibleChannel2_2,Z3EC,TestProcessEligibleChannel2_2
TestProcessEligibleChannel2_2,VWA6,TestProcessEligibleChannel2_2
TestProcessEligibleChannel2_2,NHLX,TestProcessEligibleChannel2_2
TestProcessEligibleChannel2_2,7LZD,TestProcessEligibleChannel2_2
TestProcessEligibleChannel2_2,6PBE,TestProcessEligibleChannel2_2
TestProcessEligibleChannel2_2,LAMY,TestProcessEligibleChannel2_2
TestProcessEligibleChannel2_2,GJT6,TestProcessEligibleChannel2_2
TestProcessEligibleChannel2_2,MN3R,TestProcessEligibleChannel2_2
TestProcessEligibleChannel2_2,9WX3,TestProcessEligibleChannel2_2
TestProcessEligibleChannel2_2,ZJPK,TestProcessEligibleChannel2_2
TestProcessEligibleChannel2_2,CYHT,TestProcessEligibleChannel2_2
TestProcessEligibleChannel2_2,VHYZ,TestProcessEligibleChannel2_2
TestProcessEligibleChannel2_2,DVTH,TestProcessEligibleChannel2_2
TestProcessEligibleChannel2_2,BVRK,TestProcessEligibleChannel2_2
TestProcessEligibleChannel2_2,7YEB,TestProcessEligibleChannel2_2
TestProcessEligibleChannel2_2,QLP8,TestProcessEligibleChannel2_2
TestProcessEligibleChannel2_2,YR9Q,TestProcessEligibleChannel2_2
TestProcessEligibleChannel2_2,EPDD,TestProcessEligibleChannel2_2
TestProcessEligibleChannel2_2,VEWJ,TestProcessEligibleChannel2_2
TestProcessEligibleChannel2_2,CHRZ,TestProcessEligibleChannel2_2
TestProcessEligibleChannel2_2,2GK2,TestProcessEligibleChannel2_2
TestProcessEligibleChannel2_2,RPTJ,TestProcessEligibleChannel2_2
TestProcessEligibleChannel2_2,EM34,TestProcessEligibleChannel2_2
TestProcessEligibleChannel2_2,JA8W,TestProcessEligibleChannel2_2
TestProcessEligibleChannel2_2,2YRP,TestProcessEligibleChannel2_2
TestProcessEligibleChannel2_2,DHMQ,TestProcessEligibleChannel2_2
TestProcessEligibleChannel2_2,E7DW,TestProcessEligibleChannel2_2
TestProcessEligibleChannel2_2,398V,TestProcessEligibleChannel2_2
TestProcessEligibleChannel2_2,M3JN,TestProcessEligibleChannel2_2
TestProcessEligibleChannel2_2,KTEA,TestProcessEligibleChannel2_2
TestProcessEligibleChannel2_2,683H,TestProcessEligibleChannel2_2
TestProcessEligibleChannel2_2,ZWQG,TestProcessEligibleChannel2_2
TestProcessEligibleChannel2_2,Q234,TestProcessEligibleChannel2_2
TestProcessEligibleChannel2_2,CZM4,TestProcessEligibleChannel2_2
TestProcessEligibleChannel2_2,RGCQ,TestProcessEligibleChannel2_2
TestProcessEligibleChannel2_2,AZ79,TestProcessEligibleChannel2_2
TestProcessEligibleChannel2_2,EVD8,TestProcessEligibleChannel2_2
TestProcessEligibleChannel2_2,LQR2,TestProcessEligibleChannel2_2